smem_ptr[16b](0x7f1000018400) o (_64,(_8,_8)):(_8,(_1,_512)):
    1.00000e+00    0.00000e+00    0.00000e+00    0.00000e+00    0.00000e+00    0.00000e+00    0.00000e+00    0.00000e+00    0.00000e+00    0.00000e+00    0.00000e+00    0.00000e+00    0.00000e+00    0.00000e+00    0.00000e+00    0.00000e+00    0.00000e+00    0.00000e+00    0.00000e+00    0.00000e+00    0.00000e+00    0.00000e+00    0.00000e+00    0.00000e+00    0.00000e+00    0.00000e+00    0.00000e+00    0.00000e+00    0.00000e+00    0.00000e+00    0.00000e+00    0.00000e+00    0.00000e+00    0.00000e+00    0.00000e+00    0.00000e+00    0.00000e+00    0.00000e+00    0.00000e+00    0.00000e+00    0.00000e+00    0.00000e+00    0.00000e+00    0.00000e+00    0.00000e+00    0.00000e+00    0.00000e+00    0.00000e+00    0.00000e+00    0.00000e+00    0.00000e+00    0.00000e+00    0.00000e+00    0.00000e+00    0.00000e+00    0.00000e+00    0.00000e+00    0.00000e+00    0.00000e+00    0.00000e+00    0.00000e+00    0.00000e+00    0.00000e+00    0.00000e+00
   -1.32675e-02    1.00000e+00    0.00000e+00    0.00000e+00    0.00000e+00    0.00000e+00    0.00000e+00    0.00000e+00    0.00000e+00    0.00000e+00    0.00000e+00    0.00000e+00    0.00000e+00    0.00000e+00    0.00000e+00    0.00000e+00    0.00000e+00    0.00000e+00    0.00000e+00    0.00000e+00    0.00000e+00    0.00000e+00    0.00000e+00    0.00000e+00    0.00000e+00    0.00000e+00    0.00000e+00    0.00000e+00    0.00000e+00    0.00000e+00    0.00000e+00    0.00000e+00    0.00000e+00    0.00000e+00    0.00000e+00    0.00000e+00    0.00000e+00    0.00000e+00    0.00000e+00    0.00000e+00    0.00000e+00    0.00000e+00    0.00000e+00    0.00000e+00    0.00000e+00    0.00000e+00    0.00000e+00    0.00000e+00    0.00000e+00    0.00000e+00    0.00000e+00    0.00000e+00    0.00000e+00    0.00000e+00    0.00000e+00    0.00000e+00    0.00000e+00    0.00000e+00    0.00000e+00    0.00000e+00    0.00000e+00    0.00000e+00    0.00000e+00    0.00000e+00
    6.86646e-03    1.02234e-02    1.00000e+00    0.00000e+00    0.00000e+00    0.00000e+00    0.00000e+00    0.00000e+00    0.00000e+00    0.00000e+00    0.00000e+00    0.00000e+00    0.00000e+00    0.00000e+00    0.00000e+00    0.00000e+00    0.00000e+00    0.00000e+00    0.00000e+00    0.00000e+00    0.00000e+00    0.00000e+00    0.00000e+00    0.00000e+00    0.00000e+00    0.00000e+00    0.00000e+00    0.00000e+00    0.00000e+00    0.00000e+00    0.00000e+00    0.00000e+00    0.00000e+00    0.00000e+00    0.00000e+00    0.00000e+00    0.00000e+00    0.00000e+00    0.00000e+00    0.00000e+00    0.00000e+00    0.00000e+00    0.00000e+00    0.00000e+00    0.00000e+00    0.00000e+00    0.00000e+00    0.00000e+00    0.00000e+00    0.00000e+00    0.00000e+00    0.00000e+00    0.00000e+00    0.00000e+00    0.00000e+00    0.00000e+00    0.00000e+00    0.00000e+00    0.00000e+00    0.00000e+00    0.00000e+00    0.00000e+00    0.00000e+00    0.00000e+00
    8.67462e-03   -3.03497e-02    4.42200e-02    1.00000e+00    0.00000e+00    0.00000e+00    0.00000e+00    0.00000e+00    0.00000e+00    0.00000e+00    0.00000e+00    0.00000e+00    0.00000e+00    0.00000e+00    0.00000e+00    0.00000e+00    0.00000e+00    0.00000e+00    0.00000e+00    0.00000e+00    0.00000e+00    0.00000e+00    0.00000e+00    0.00000e+00    0.00000e+00    0.00000e+00    0.00000e+00    0.00000e+00    0.00000e+00    0.00000e+00    0.00000e+00    0.00000e+00    0.00000e+00    0.00000e+00    0.00000e+00    0.00000e+00    0.00000e+00    0.00000e+00    0.00000e+00    0.00000e+00    0.00000e+00    0.00000e+00    0.00000e+00    0.00000e+00    0.00000e+00    0.00000e+00    0.00000e+00    0.00000e+00    0.00000e+00    0.00000e+00    0.00000e+00    0.00000e+00    0.00000e+00    0.00000e+00    0.00000e+00    0.00000e+00    0.00000e+00    0.00000e+00    0.00000e+00    0.00000e+00    0.00000e+00    0.00000e+00    0.00000e+00    0.00000e+00
    7.39670e-03    7.08008e-03    6.74057e-03   -8.56018e-03    1.00000e+00    0.00000e+00    0.00000e+00    0.00000e+00    0.00000e+00    0.00000e+00    0.00000e+00    0.00000e+00    0.00000e+00    0.00000e+00    0.00000e+00    0.00000e+00    0.00000e+00    0.00000e+00    0.00000e+00    0.00000e+00    0.00000e+00    0.00000e+00    0.00000e+00    0.00000e+00    0.00000e+00    0.00000e+00    0.00000e+00    0.00000e+00    0.00000e+00    0.00000e+00    0.00000e+00    0.00000e+00    0.00000e+00    0.00000e+00    0.00000e+00    0.00000e+00    0.00000e+00    0.00000e+00    0.00000e+00    0.00000e+00    0.00000e+00    0.00000e+00    0.00000e+00    0.00000e+00    0.00000e+00    0.00000e+00    0.00000e+00    0.00000e+00    0.00000e+00    0.00000e+00    0.00000e+00    0.00000e+00    0.00000e+00    0.00000e+00    0.00000e+00    0.00000e+00    0.00000e+00    0.00000e+00    0.00000e+00    0.00000e+00    0.00000e+00    0.00000e+00    0.00000e+00    0.00000e+00
    1.97601e-03    7.51019e-04   -1.03912e-02    3.27148e-02    5.19104e-02    1.00000e+00    0.00000e+00    0.00000e+00    0.00000e+00    0.00000e+00    0.00000e+00    0.00000e+00    0.00000e+00    0.00000e+00    0.00000e+00    0.00000e+00    0.00000e+00    0.00000e+00    0.00000e+00    0.00000e+00    0.00000e+00    0.00000e+00    0.00000e+00    0.00000e+00    0.00000e+00    0.00000e+00    0.00000e+00    0.00000e+00    0.00000e+00    0.00000e+00    0.00000e+00    0.00000e+00    0.00000e+00    0.00000e+00    0.00000e+00    0.00000e+00    0.00000e+00    0.00000e+00    0.00000e+00    0.00000e+00    0.00000e+00    0.00000e+00    0.00000e+00    0.00000e+00    0.00000e+00    0.00000e+00    0.00000e+00    0.00000e+00    0.00000e+00    0.00000e+00    0.00000e+00    0.00000e+00    0.00000e+00    0.00000e+00    0.00000e+00    0.00000e+00    0.00000e+00    0.00000e+00    0.00000e+00    0.00000e+00    0.00000e+00    0.00000e+00    0.00000e+00    0.00000e+00
   -1.49632e-03   -2.47192e-03    4.52423e-03    1.50490e-03    1.07269e-02   -3.96729e-02    1.00000e+00    0.00000e+00    0.00000e+00    0.00000e+00    0.00000e+00    0.00000e+00    0.00000e+00    0.00000e+00    0.00000e+00    0.00000e+00    0.00000e+00    0.00000e+00    0.00000e+00    0.00000e+00    0.00000e+00    0.00000e+00    0.00000e+00    0.00000e+00    0.00000e+00    0.00000e+00    0.00000e+00    0.00000e+00    0.00000e+00    0.00000e+00    0.00000e+00    0.00000e+00    0.00000e+00    0.00000e+00    0.00000e+00    0.00000e+00    0.00000e+00    0.00000e+00    0.00000e+00    0.00000e+00    0.00000e+00    0.00000e+00    0.00000e+00    0.00000e+00    0.00000e+00    0.00000e+00    0.00000e+00    0.00000e+00    0.00000e+00    0.00000e+00    0.00000e+00    0.00000e+00    0.00000e+00    0.00000e+00    0.00000e+00    0.00000e+00    0.00000e+00    0.00000e+00    0.00000e+00    0.00000e+00    0.00000e+00    0.00000e+00    0.00000e+00    0.00000e+00
    1.75381e-03   -2.27451e-04   -1.33514e-03   -1.44863e-03   -4.40598e-03    1.88751e-02    2.38647e-02    1.00000e+00    0.00000e+00    0.00000e+00    0.00000e+00    0.00000e+00    0.00000e+00    0.00000e+00    0.00000e+00    0.00000e+00    0.00000e+00    0.00000e+00    0.00000e+00    0.00000e+00    0.00000e+00    0.00000e+00    0.00000e+00    0.00000e+00    0.00000e+00    0.00000e+00    0.00000e+00    0.00000e+00    0.00000e+00    0.00000e+00    0.00000e+00    0.00000e+00    0.00000e+00    0.00000e+00    0.00000e+00    0.00000e+00    0.00000e+00    0.00000e+00    0.00000e+00    0.00000e+00    0.00000e+00    0.00000e+00    0.00000e+00    0.00000e+00    0.00000e+00    0.00000e+00    0.00000e+00    0.00000e+00    0.00000e+00    0.00000e+00    0.00000e+00    0.00000e+00    0.00000e+00    0.00000e+00    0.00000e+00    0.00000e+00    0.00000e+00    0.00000e+00    0.00000e+00    0.00000e+00    0.00000e+00    0.00000e+00    0.00000e+00    0.00000e+00
   -7.86781e-06   -5.66244e-05    1.58548e-05    9.66549e-04    2.74277e-03    2.24876e-03    1.83411e-02    1.65253e-02    1.00000e+00    0.00000e+00    0.00000e+00    0.00000e+00    0.00000e+00    0.00000e+00    0.00000e+00    0.00000e+00    0.00000e+00    0.00000e+00    0.00000e+00    0.00000e+00    0.00000e+00    0.00000e+00    0.00000e+00    0.00000e+00    0.00000e+00    0.00000e+00    0.00000e+00    0.00000e+00    0.00000e+00    0.00000e+00    0.00000e+00    0.00000e+00    0.00000e+00    0.00000e+00    0.00000e+00    0.00000e+00    0.00000e+00    0.00000e+00    0.00000e+00    0.00000e+00    0.00000e+00    0.00000e+00    0.00000e+00    0.00000e+00    0.00000e+00    0.00000e+00    0.00000e+00    0.00000e+00    0.00000e+00    0.00000e+00    0.00000e+00    0.00000e+00    0.00000e+00    0.00000e+00    0.00000e+00    0.00000e+00    0.00000e+00    0.00000e+00    0.00000e+00    0.00000e+00    0.00000e+00    0.00000e+00    0.00000e+00    0.00000e+00
    2.39491e-04   -6.78539e-04    1.00517e-03   -2.15340e-03   -2.14958e-03   -1.11618e-02   -1.52130e-02    3.78113e-02   -8.68225e-03    1.00000e+00    0.00000e+00    0.00000e+00    0.00000e+00    0.00000e+00    0.00000e+00    0.00000e+00    0.00000e+00    0.00000e+00    0.00000e+00    0.00000e+00    0.00000e+00    0.00000e+00    0.00000e+00    0.00000e+00    0.00000e+00    0.00000e+00    0.00000e+00    0.00000e+00    0.00000e+00    0.00000e+00    0.00000e+00    0.00000e+00    0.00000e+00    0.00000e+00    0.00000e+00    0.00000e+00    0.00000e+00    0.00000e+00    0.00000e+00    0.00000e+00    0.00000e+00    0.00000e+00    0.00000e+00    0.00000e+00    0.00000e+00    0.00000e+00    0.00000e+00    0.00000e+00    0.00000e+00    0.00000e+00    0.00000e+00    0.00000e+00    0.00000e+00    0.00000e+00    0.00000e+00    0.00000e+00    0.00000e+00    0.00000e+00    0.00000e+00    0.00000e+00    0.00000e+00    0.00000e+00    0.00000e+00    0.00000e+00
   -3.86834e-05    8.76188e-05    8.91685e-05   -3.76940e-04   -9.43184e-04    1.02901e-03   -3.76105e-05   -1.07384e-03    7.67231e-04    1.09711e-02    1.00000e+00    0.00000e+00    0.00000e+00    0.00000e+00    0.00000e+00    0.00000e+00    0.00000e+00    0.00000e+00    0.00000e+00    0.00000e+00    0.00000e+00    0.00000e+00    0.00000e+00    0.00000e+00    0.00000e+00    0.00000e+00    0.00000e+00    0.00000e+00    0.00000e+00    0.00000e+00    0.00000e+00    0.00000e+00    0.00000e+00    0.00000e+00    0.00000e+00    0.00000e+00    0.00000e+00    0.00000e+00    0.00000e+00    0.00000e+00    0.00000e+00    0.00000e+00    0.00000e+00    0.00000e+00    0.00000e+00    0.00000e+00    0.00000e+00    0.00000e+00    0.00000e+00    0.00000e+00    0.00000e+00    0.00000e+00    0.00000e+00    0.00000e+00    0.00000e+00    0.00000e+00    0.00000e+00    0.00000e+00    0.00000e+00    0.00000e+00    0.00000e+00    0.00000e+00    0.00000e+00    0.00000e+00
   -1.11997e-04   -7.68900e-06   -2.59876e-04   -4.42505e-04    6.40869e-04   -4.13656e-04   -1.42956e-03   -1.96457e-03    1.00613e-03   -1.33743e-02    1.08948e-02    1.00000e+00    0.00000e+00    0.00000e+00    0.00000e+00    0.00000e+00    0.00000e+00    0.00000e+00    0.00000e+00    0.00000e+00    0.00000e+00    0.00000e+00    0.00000e+00    0.00000e+00    0.00000e+00    0.00000e+00    0.00000e+00    0.00000e+00    0.00000e+00    0.00000e+00    0.00000e+00    0.00000e+00    0.00000e+00    0.00000e+00    0.00000e+00    0.00000e+00    0.00000e+00    0.00000e+00    0.00000e+00    0.00000e+00    0.00000e+00    0.00000e+00    0.00000e+00    0.00000e+00    0.00000e+00    0.00000e+00    0.00000e+00    0.00000e+00    0.00000e+00    0.00000e+00    0.00000e+00    0.00000e+00    0.00000e+00    0.00000e+00    0.00000e+00    0.00000e+00    0.00000e+00    0.00000e+00    0.00000e+00    0.00000e+00    0.00000e+00    0.00000e+00    0.00000e+00    0.00000e+00
   -4.99487e-05   -2.32458e-06    7.58767e-05   -8.19564e-05   -3.12567e-04   -6.37054e-04   -6.94752e-04    1.22356e-03    2.37465e-04    7.55310e-04   -7.06863e-03   -5.95856e-03    1.00000e+00    0.00000e+00    0.00000e+00    0.00000e+00    0.00000e+00    0.00000e+00    0.00000e+00    0.00000e+00    0.00000e+00    0.00000e+00    0.00000e+00    0.00000e+00    0.00000e+00    0.00000e+00    0.00000e+00    0.00000e+00    0.00000e+00    0.00000e+00    0.00000e+00    0.00000e+00    0.00000e+00    0.00000e+00    0.00000e+00    0.00000e+00    0.00000e+00    0.00000e+00    0.00000e+00    0.00000e+00    0.00000e+00    0.00000e+00    0.00000e+00    0.00000e+00    0.00000e+00    0.00000e+00    0.00000e+00    0.00000e+00    0.00000e+00    0.00000e+00    0.00000e+00    0.00000e+00    0.00000e+00    0.00000e+00    0.00000e+00    0.00000e+00    0.00000e+00    0.00000e+00    0.00000e+00    0.00000e+00    0.00000e+00    0.00000e+00    0.00000e+00    0.00000e+00
    1.91331e-05    5.36442e-07   -3.78489e-05    1.07288e-05    1.90139e-05    2.11716e-04    1.60217e-04   -1.22833e-03   -4.82798e-04   -1.41907e-03    1.95312e-03    1.23138e-02    1.01757e-03    1.00000e+00    0.00000e+00    0.00000e+00    0.00000e+00    0.00000e+00    0.00000e+00    0.00000e+00    0.00000e+00    0.00000e+00    0.00000e+00    0.00000e+00    0.00000e+00    0.00000e+00    0.00000e+00    0.00000e+00    0.00000e+00    0.00000e+00    0.00000e+00    0.00000e+00    0.00000e+00    0.00000e+00    0.00000e+00    0.00000e+00    0.00000e+00    0.00000e+00    0.00000e+00    0.00000e+00    0.00000e+00    0.00000e+00    0.00000e+00    0.00000e+00    0.00000e+00    0.00000e+00    0.00000e+00    0.00000e+00    0.00000e+00    0.00000e+00    0.00000e+00    0.00000e+00    0.00000e+00    0.00000e+00    0.00000e+00    0.00000e+00    0.00000e+00    0.00000e+00    0.00000e+00    0.00000e+00    0.00000e+00    0.00000e+00    0.00000e+00    0.00000e+00
    9.00030e-06    2.14577e-06    1.85370e-05   -4.23193e-06   -1.67012e-04   -2.68221e-04   -1.38164e-04    2.41518e-04   -1.61171e-04   -3.62396e-04   -4.53568e-03    5.24902e-03   -1.02615e-02   -2.35901e-02    1.00000e+00    0.00000e+00    0.00000e+00    0.00000e+00    0.00000e+00    0.00000e+00    0.00000e+00    0.00000e+00    0.00000e+00    0.00000e+00    0.00000e+00    0.00000e+00    0.00000e+00    0.00000e+00    0.00000e+00    0.00000e+00    0.00000e+00    0.00000e+00    0.00000e+00    0.00000e+00    0.00000e+00    0.00000e+00    0.00000e+00    0.00000e+00    0.00000e+00    0.00000e+00    0.00000e+00    0.00000e+00    0.00000e+00    0.00000e+00    0.00000e+00    0.00000e+00    0.00000e+00    0.00000e+00    0.00000e+00    0.00000e+00    0.00000e+00    0.00000e+00    0.00000e+00    0.00000e+00    0.00000e+00    0.00000e+00    0.00000e+00    0.00000e+00    0.00000e+00    0.00000e+00    0.00000e+00    0.00000e+00    0.00000e+00    0.00000e+00
    5.96046e-07   -2.38419e-06    3.75509e-06    1.21593e-05   -7.21216e-06    4.36902e-05   -1.31369e-04    8.35061e-05    4.73022e-04   -7.94530e-05    6.35147e-04    2.24495e-03   -7.02667e-03    8.48293e-04   -1.19171e-02    1.00000e+00    0.00000e+00    0.00000e+00    0.00000e+00    0.00000e+00    0.00000e+00    0.00000e+00    0.00000e+00    0.00000e+00    0.00000e+00    0.00000e+00    0.00000e+00    0.00000e+00    0.00000e+00    0.00000e+00    0.00000e+00    0.00000e+00    0.00000e+00    0.00000e+00    0.00000e+00    0.00000e+00    0.00000e+00    0.00000e+00    0.00000e+00    0.00000e+00    0.00000e+00    0.00000e+00    0.00000e+00    0.00000e+00    0.00000e+00    0.00000e+00    0.00000e+00    0.00000e+00    0.00000e+00    0.00000e+00    0.00000e+00    0.00000e+00    0.00000e+00    0.00000e+00    0.00000e+00    0.00000e+00    0.00000e+00    0.00000e+00    0.00000e+00    0.00000e+00    0.00000e+00    0.00000e+00    0.00000e+00    0.00000e+00
   -5.54323e-06   -5.72205e-06   -9.29832e-06    3.77893e-05    1.06096e-05   -3.83854e-05    2.04206e-04   -1.42574e-04   -3.69072e-04    6.01768e-04   -1.37901e-03    2.96354e-04    9.96399e-03    8.49915e-03    4.49524e-02    4.36401e-02    1.00000e+00    0.00000e+00    0.00000e+00    0.00000e+00    0.00000e+00    0.00000e+00    0.00000e+00    0.00000e+00    0.00000e+00    0.00000e+00    0.00000e+00    0.00000e+00    0.00000e+00    0.00000e+00    0.00000e+00    0.00000e+00    0.00000e+00    0.00000e+00    0.00000e+00    0.00000e+00    0.00000e+00    0.00000e+00    0.00000e+00    0.00000e+00    0.00000e+00    0.00000e+00    0.00000e+00    0.00000e+00    0.00000e+00    0.00000e+00    0.00000e+00    0.00000e+00    0.00000e+00    0.00000e+00    0.00000e+00    0.00000e+00    0.00000e+00    0.00000e+00    0.00000e+00    0.00000e+00    0.00000e+00    0.00000e+00    0.00000e+00    0.00000e+00    0.00000e+00    0.00000e+00    0.00000e+00    0.00000e+00
    3.51667e-06   -1.60933e-06   -1.43051e-06   -6.91414e-06    9.23872e-06    2.73585e-05    7.70092e-05   -1.10447e-04   -2.16842e-04   -1.41621e-04    7.50542e-04   -9.04083e-04   -2.49481e-03   -2.56920e-03    4.42886e-03   -1.90430e-02    3.87573e-02    1.00000e+00    0.00000e+00    0.00000e+00    0.00000e+00    0.00000e+00    0.00000e+00    0.00000e+00    0.00000e+00    0.00000e+00    0.00000e+00    0.00000e+00    0.00000e+00    0.00000e+00    0.00000e+00    0.00000e+00    0.00000e+00    0.00000e+00    0.00000e+00    0.00000e+00    0.00000e+00    0.00000e+00    0.00000e+00    0.00000e+00    0.00000e+00    0.00000e+00    0.00000e+00    0.00000e+00    0.00000e+00    0.00000e+00    0.00000e+00    0.00000e+00    0.00000e+00    0.00000e+00    0.00000e+00    0.00000e+00    0.00000e+00    0.00000e+00    0.00000e+00    0.00000e+00    0.00000e+00    0.00000e+00    0.00000e+00    0.00000e+00    0.00000e+00    0.00000e+00    0.00000e+00    0.00000e+00
    1.43051e-06   -3.57628e-07   -1.72853e-06    2.38419e-07    5.72205e-06    1.95503e-05    1.04308e-05   -2.59280e-05    2.24710e-05    2.20776e-04   -5.03063e-05   -2.57015e-04   -1.47438e-03   -6.58512e-04   -1.21403e-03    4.31299e-04   -5.60760e-03   -3.04794e-03    1.00000e+00    0.00000e+00    0.00000e+00    0.00000e+00    0.00000e+00    0.00000e+00    0.00000e+00    0.00000e+00    0.00000e+00    0.00000e+00    0.00000e+00    0.00000e+00    0.00000e+00    0.00000e+00    0.00000e+00    0.00000e+00    0.00000e+00    0.00000e+00    0.00000e+00    0.00000e+00    0.00000e+00    0.00000e+00    0.00000e+00    0.00000e+00    0.00000e+00    0.00000e+00    0.00000e+00    0.00000e+00    0.00000e+00    0.00000e+00    0.00000e+00    0.00000e+00    0.00000e+00    0.00000e+00    0.00000e+00    0.00000e+00    0.00000e+00    0.00000e+00    0.00000e+00    0.00000e+00    0.00000e+00    0.00000e+00    0.00000e+00    0.00000e+00    0.00000e+00    0.00000e+00
   -1.25170e-06    2.38419e-07    1.84774e-06    7.74860e-06   -1.54972e-05    3.57628e-07   -2.44975e-05   -1.23978e-05   -4.90546e-05   -2.44856e-04    1.91331e-05    4.08888e-04    4.59433e-04    4.67896e-05   -2.52151e-03   -2.31934e-03    3.07322e-04   -3.79753e-03   -5.64098e-04    1.00000e+00    0.00000e+00    0.00000e+00    0.00000e+00    0.00000e+00    0.00000e+00    0.00000e+00    0.00000e+00    0.00000e+00    0.00000e+00    0.00000e+00    0.00000e+00    0.00000e+00    0.00000e+00    0.00000e+00    0.00000e+00    0.00000e+00    0.00000e+00    0.00000e+00    0.00000e+00    0.00000e+00    0.00000e+00    0.00000e+00    0.00000e+00    0.00000e+00    0.00000e+00    0.00000e+00    0.00000e+00    0.00000e+00    0.00000e+00    0.00000e+00    0.00000e+00    0.00000e+00    0.00000e+00    0.00000e+00    0.00000e+00    0.00000e+00    0.00000e+00    0.00000e+00    0.00000e+00    0.00000e+00    0.00000e+00    0.00000e+00    0.00000e+00    0.00000e+00
   -1.01328e-06    1.19209e-07   -1.25170e-06    4.47035e-06   -3.81470e-06    4.23193e-06    3.87430e-06   -7.68900e-06   -1.81794e-05    6.44922e-05   -3.98159e-05    2.14458e-04    2.93493e-04    4.40836e-04    2.73228e-04    3.31306e-03    3.97491e-03   -1.25504e-03   -2.93159e-03    5.16357e-02    1.00000e+00    0.00000e+00    0.00000e+00    0.00000e+00    0.00000e+00    0.00000e+00    0.00000e+00    0.00000e+00    0.00000e+00    0.00000e+00    0.00000e+00    0.00000e+00    0.00000e+00    0.00000e+00    0.00000e+00    0.00000e+00    0.00000e+00    0.00000e+00    0.00000e+00    0.00000e+00    0.00000e+00    0.00000e+00    0.00000e+00    0.00000e+00    0.00000e+00    0.00000e+00    0.00000e+00    0.00000e+00    0.00000e+00    0.00000e+00    0.00000e+00    0.00000e+00    0.00000e+00    0.00000e+00    0.00000e+00    0.00000e+00    0.00000e+00    0.00000e+00    0.00000e+00    0.00000e+00    0.00000e+00    0.00000e+00    0.00000e+00    0.00000e+00
    1.78814e-07   -5.96046e-08    1.19209e-07   -2.38419e-07    2.98023e-07    1.60933e-06    5.66244e-06    2.44379e-06    2.98023e-06    6.37770e-06   -6.25849e-05   -9.19700e-05    1.76668e-04    2.43783e-04   -3.55005e-04   -9.31025e-05    9.09328e-04   -1.08528e-03   -8.43048e-03    2.47192e-03    4.07791e-03    1.00000e+00    0.00000e+00    0.00000e+00    0.00000e+00    0.00000e+00    0.00000e+00    0.00000e+00    0.00000e+00    0.00000e+00    0.00000e+00    0.00000e+00    0.00000e+00    0.00000e+00    0.00000e+00    0.00000e+00    0.00000e+00    0.00000e+00    0.00000e+00    0.00000e+00    0.00000e+00    0.00000e+00    0.00000e+00    0.00000e+00    0.00000e+00    0.00000e+00    0.00000e+00    0.00000e+00    0.00000e+00    0.00000e+00    0.00000e+00    0.00000e+00    0.00000e+00    0.00000e+00    0.00000e+00    0.00000e+00    0.00000e+00    0.00000e+00    0.00000e+00    0.00000e+00    0.00000e+00    0.00000e+00    0.00000e+00    0.00000e+00
   -5.96046e-08   -0.00000e+00   -5.96046e-08    3.57628e-07    6.55651e-07    2.02656e-06   -5.36442e-07   -2.98023e-06   -4.41074e-06    2.36034e-05    1.13249e-05   -3.52263e-05    1.02401e-04    3.65973e-04    4.03166e-04    5.93185e-04    1.03652e-04   -4.61817e-04    9.42707e-04    3.66211e-04   -6.59180e-03    1.38474e-02    1.00000e+00    0.00000e+00    0.00000e+00    0.00000e+00    0.00000e+00    0.00000e+00    0.00000e+00    0.00000e+00    0.00000e+00    0.00000e+00    0.00000e+00    0.00000e+00    0.00000e+00    0.00000e+00    0.00000e+00    0.00000e+00    0.00000e+00    0.00000e+00    0.00000e+00    0.00000e+00    0.00000e+00    0.00000e+00    0.00000e+00    0.00000e+00    0.00000e+00    0.00000e+00    0.00000e+00    0.00000e+00    0.00000e+00    0.00000e+00    0.00000e+00    0.00000e+00    0.00000e+00    0.00000e+00    0.00000e+00    0.00000e+00    0.00000e+00    0.00000e+00    0.00000e+00    0.00000e+00    0.00000e+00    0.00000e+00
    0.00000e+00    0.00000e+00   -0.00000e+00   -5.96046e-08   -0.00000e+00   -1.78814e-07   -5.96046e-08    3.57628e-07   -1.78814e-07   -7.15256e-07    2.62260e-06   -2.86102e-06    5.96046e-07    1.90735e-05    5.12600e-06   -6.67572e-05   -2.93732e-04   -1.38402e-04    4.05312e-04    2.31743e-04   -7.93457e-04   -6.50406e-03   -9.08852e-04    1.00000e+00    0.00000e+00    0.00000e+00    0.00000e+00    0.00000e+00    0.00000e+00    0.00000e+00    0.00000e+00    0.00000e+00    0.00000e+00    0.00000e+00    0.00000e+00    0.00000e+00    0.00000e+00    0.00000e+00    0.00000e+00    0.00000e+00    0.00000e+00    0.00000e+00    0.00000e+00    0.00000e+00    0.00000e+00    0.00000e+00    0.00000e+00    0.00000e+00    0.00000e+00    0.00000e+00    0.00000e+00    0.00000e+00    0.00000e+00    0.00000e+00    0.00000e+00    0.00000e+00    0.00000e+00    0.00000e+00    0.00000e+00    0.00000e+00    0.00000e+00    0.00000e+00    0.00000e+00    0.00000e+00
   -0.00000e+00   -0.00000e+00    0.00000e+00   -0.00000e+00   -1.19209e-07   -1.78814e-07    5.96046e-08   -2.98023e-07   -5.36442e-07    7.74860e-07    5.96046e-08    4.94719e-06   -6.07967e-06    6.78897e-05    3.84450e-05    1.03593e-04   -2.41876e-04    2.24113e-05    3.27826e-04    2.31552e-03    7.35521e-05    7.15637e-03    2.21062e-03    1.14288e-02    1.00000e+00    0.00000e+00    0.00000e+00    0.00000e+00    0.00000e+00    0.00000e+00    0.00000e+00    0.00000e+00    0.00000e+00    0.00000e+00    0.00000e+00    0.00000e+00    0.00000e+00    0.00000e+00    0.00000e+00    0.00000e+00    0.00000e+00    0.00000e+00    0.00000e+00    0.00000e+00    0.00000e+00    0.00000e+00    0.00000e+00    0.00000e+00    0.00000e+00    0.00000e+00    0.00000e+00    0.00000e+00    0.00000e+00    0.00000e+00    0.00000e+00    0.00000e+00    0.00000e+00    0.00000e+00    0.00000e+00    0.00000e+00    0.00000e+00    0.00000e+00    0.00000e+00    0.00000e+00
   -0.00000e+00    0.00000e+00   -0.00000e+00   -5.96046e-08   -0.00000e+00   -1.78814e-07   -2.98023e-07    3.57628e-07    1.01328e-06   -5.96046e-08    4.47035e-06    8.40425e-06    7.98702e-06    3.20077e-05   -2.18749e-05    8.94666e-05    1.28150e-05    2.25544e-04   -4.72307e-04    1.40762e-03    2.41280e-04    8.70705e-04   -1.20392e-02    5.89752e-03   -8.45337e-03    1.00000e+00    0.00000e+00    0.00000e+00    0.00000e+00    0.00000e+00    0.00000e+00    0.00000e+00    0.00000e+00    0.00000e+00    0.00000e+00    0.00000e+00    0.00000e+00    0.00000e+00    0.00000e+00    0.00000e+00    0.00000e+00    0.00000e+00    0.00000e+00    0.00000e+00    0.00000e+00    0.00000e+00    0.00000e+00    0.00000e+00    0.00000e+00    0.00000e+00    0.00000e+00    0.00000e+00    0.00000e+00    0.00000e+00    0.00000e+00    0.00000e+00    0.00000e+00    0.00000e+00    0.00000e+00    0.00000e+00    0.00000e+00    0.00000e+00    0.00000e+00    0.00000e+00
    0.00000e+00   -0.00000e+00    0.00000e+00    0.00000e+00    5.96046e-08   -0.00000e+00    0.00000e+00    2.38419e-07   -5.96046e-08    8.34465e-07   -2.32458e-06   -6.13928e-06   -6.02007e-06   -2.77758e-05   -2.35438e-05   -8.45790e-05    5.53727e-05   -1.86682e-04    1.49727e-04   -1.05023e-04    3.13997e-04    1.51348e-03    5.90801e-04   -9.33647e-04   -3.24821e-03    4.13513e-02    1.00000e+00    0.00000e+00    0.00000e+00    0.00000e+00    0.00000e+00    0.00000e+00    0.00000e+00    0.00000e+00    0.00000e+00    0.00000e+00    0.00000e+00    0.00000e+00    0.00000e+00    0.00000e+00    0.00000e+00    0.00000e+00    0.00000e+00    0.00000e+00    0.00000e+00    0.00000e+00    0.00000e+00    0.00000e+00    0.00000e+00    0.00000e+00    0.00000e+00    0.00000e+00    0.00000e+00    0.00000e+00    0.00000e+00    0.00000e+00    0.00000e+00    0.00000e+00    0.00000e+00    0.00000e+00    0.00000e+00    0.00000e+00    0.00000e+00    0.00000e+00
    0.00000e+00   -0.00000e+00   -0.00000e+00    0.00000e+00    0.00000e+00    0.00000e+00    0.00000e+00   -0.00000e+00   -0.00000e+00   -5.96046e-08   -2.44379e-06   -1.54972e-06   -3.03984e-06    2.26498e-06   -4.76837e-07   -1.41263e-05   -2.83122e-05   -9.35793e-05    1.42455e-05    2.20776e-04    1.12915e-03   -1.14918e-03    2.06757e-03   -4.41360e-03    4.28772e-03   -6.61087e-03    6.87027e-03    1.00000e+00    0.00000e+00    0.00000e+00    0.00000e+00    0.00000e+00    0.00000e+00    0.00000e+00    0.00000e+00    0.00000e+00    0.00000e+00    0.00000e+00    0.00000e+00    0.00000e+00    0.00000e+00    0.00000e+00    0.00000e+00    0.00000e+00    0.00000e+00    0.00000e+00    0.00000e+00    0.00000e+00    0.00000e+00    0.00000e+00    0.00000e+00    0.00000e+00    0.00000e+00    0.00000e+00    0.00000e+00    0.00000e+00    0.00000e+00    0.00000e+00    0.00000e+00    0.00000e+00    0.00000e+00    0.00000e+00    0.00000e+00    0.00000e+00
   -0.00000e+00    0.00000e+00    0.00000e+00   -0.00000e+00   -0.00000e+00   -0.00000e+00   -0.00000e+00   -5.96046e-08   -5.96046e-08   -0.00000e+00    3.57628e-07    4.76837e-07    1.72853e-06   -1.78814e-07    4.17233e-07   -1.41859e-05    6.19888e-06   -5.48363e-06    4.23789e-05    1.29104e-04    6.92606e-05    3.03507e-04    3.21150e-04   -2.08974e-04    5.44739e-03    1.01166e-02   -1.66626e-02    1.23119e-03    1.00000e+00    0.00000e+00    0.00000e+00    0.00000e+00    0.00000e+00    0.00000e+00    0.00000e+00    0.00000e+00    0.00000e+00    0.00000e+00    0.00000e+00    0.00000e+00    0.00000e+00    0.00000e+00    0.00000e+00    0.00000e+00    0.00000e+00    0.00000e+00    0.00000e+00    0.00000e+00    0.00000e+00    0.00000e+00    0.00000e+00    0.00000e+00    0.00000e+00    0.00000e+00    0.00000e+00    0.00000e+00    0.00000e+00    0.00000e+00    0.00000e+00    0.00000e+00    0.00000e+00    0.00000e+00    0.00000e+00    0.00000e+00
   -0.00000e+00   -0.00000e+00   -0.00000e+00   -0.00000e+00    0.00000e+00   -0.00000e+00    0.00000e+00    0.00000e+00    5.96046e-08    5.96046e-08    1.19209e-07    4.17233e-07    5.36442e-07    7.15256e-07   -2.38419e-06   -3.15905e-06    1.40071e-05    5.36442e-06    4.10676e-05   -8.25524e-05    9.49502e-05    8.16584e-05   -4.46081e-04    7.23839e-04   -3.61061e-03    3.62396e-04   -1.13144e-02    1.65863e-02   -2.04163e-02    1.00000e+00    0.00000e+00    0.00000e+00    0.00000e+00    0.00000e+00    0.00000e+00    0.00000e+00    0.00000e+00    0.00000e+00    0.00000e+00    0.00000e+00    0.00000e+00    0.00000e+00    0.00000e+00    0.00000e+00    0.00000e+00    0.00000e+00    0.00000e+00    0.00000e+00    0.00000e+00    0.00000e+00    0.00000e+00    0.00000e+00    0.00000e+00    0.00000e+00    0.00000e+00    0.00000e+00    0.00000e+00    0.00000e+00    0.00000e+00    0.00000e+00    0.00000e+00    0.00000e+00    0.00000e+00    0.00000e+00
    0.00000e+00   -0.00000e+00    0.00000e+00    0.00000e+00    0.00000e+00    0.00000e+00    0.00000e+00   -0.00000e+00   -0.00000e+00    0.00000e+00   -5.96046e-08   -1.78814e-07   -5.96046e-08    4.76837e-07   -8.94070e-07    3.57628e-07    7.68900e-06   -1.09673e-05   -2.74181e-06    1.41859e-05   -1.27435e-04    1.09971e-04    6.61373e-04    2.68936e-04    2.52533e-03    8.31127e-04    5.34439e-03   -1.52969e-02    1.24435e-02    4.00085e-02    1.00000e+00    0.00000e+00    0.00000e+00    0.00000e+00    0.00000e+00    0.00000e+00    0.00000e+00    0.00000e+00    0.00000e+00    0.00000e+00    0.00000e+00    0.00000e+00    0.00000e+00    0.00000e+00    0.00000e+00    0.00000e+00    0.00000e+00    0.00000e+00    0.00000e+00    0.00000e+00    0.00000e+00    0.00000e+00    0.00000e+00    0.00000e+00    0.00000e+00    0.00000e+00    0.00000e+00    0.00000e+00    0.00000e+00    0.00000e+00    0.00000e+00    0.00000e+00    0.00000e+00    0.00000e+00
    0.00000e+00   -0.00000e+00    0.00000e+00   -0.00000e+00   -0.00000e+00   -0.00000e+00   -0.00000e+00    0.00000e+00   -0.00000e+00    5.96046e-08    0.00000e+00    1.19209e-07   -1.78814e-07    2.38419e-07    5.96046e-08    5.36442e-07   -3.63588e-06    6.07967e-06   -6.25849e-06    7.68900e-06    1.85966e-05   -1.28388e-04   -3.40223e-04   -6.85453e-05    4.60625e-04   -5.41687e-04   -3.18527e-03   -2.42233e-03   -1.39694e-02    1.26076e-03    1.51730e-03    1.00000e+00    0.00000e+00    0.00000e+00    0.00000e+00    0.00000e+00    0.00000e+00    0.00000e+00    0.00000e+00    0.00000e+00    0.00000e+00    0.00000e+00    0.00000e+00    0.00000e+00    0.00000e+00    0.00000e+00    0.00000e+00    0.00000e+00    0.00000e+00    0.00000e+00    0.00000e+00    0.00000e+00    0.00000e+00    0.00000e+00    0.00000e+00    0.00000e+00    0.00000e+00    0.00000e+00    0.00000e+00    0.00000e+00    0.00000e+00    0.00000e+00    0.00000e+00    0.00000e+00
    0.00000e+00    0.00000e+00    0.00000e+00    0.00000e+00    0.00000e+00    0.00000e+00    0.00000e+00    0.00000e+00    0.00000e+00   -0.00000e+00    0.00000e+00    0.00000e+00   -2.38419e-07    3.57628e-07   -1.19209e-07    2.98023e-07   -3.39746e-06    2.32458e-06   -1.04308e-05    6.61612e-06   -2.02656e-05   -4.85778e-05    8.21948e-05   -2.20776e-04    2.57492e-04   -7.38621e-04    1.02329e-03    2.11906e-03    4.10557e-04    4.47464e-03    1.38626e-02    2.24762e-02    1.00000e+00    0.00000e+00    0.00000e+00    0.00000e+00    0.00000e+00    0.00000e+00    0.00000e+00    0.00000e+00    0.00000e+00    0.00000e+00    0.00000e+00    0.00000e+00    0.00000e+00    0.00000e+00    0.00000e+00    0.00000e+00    0.00000e+00    0.00000e+00    0.00000e+00    0.00000e+00    0.00000e+00    0.00000e+00    0.00000e+00    0.00000e+00    0.00000e+00    0.00000e+00    0.00000e+00    0.00000e+00    0.00000e+00    0.00000e+00    0.00000e+00    0.00000e+00
    0.00000e+00   -0.00000e+00    0.00000e+00   -0.00000e+00    0.00000e+00   -0.00000e+00   -0.00000e+00    0.00000e+00    0.00000e+00    0.00000e+00    0.00000e+00   -0.00000e+00    5.96046e-08   -1.19209e-07    1.19209e-07    5.96046e-08    1.01328e-06   -1.25170e-06   -1.07288e-06   -4.82798e-06   -2.96235e-05   -4.50611e-05    4.79817e-05    3.19481e-05   -9.16123e-05    9.05395e-05   -3.85523e-04   -1.40071e-05    2.18272e-04   -1.40762e-03    8.43811e-03    2.54059e-03   -3.54004e-02    1.00000e+00    0.00000e+00    0.00000e+00    0.00000e+00    0.00000e+00    0.00000e+00    0.00000e+00    0.00000e+00    0.00000e+00    0.00000e+00    0.00000e+00    0.00000e+00    0.00000e+00    0.00000e+00    0.00000e+00    0.00000e+00    0.00000e+00    0.00000e+00    0.00000e+00    0.00000e+00    0.00000e+00    0.00000e+00    0.00000e+00    0.00000e+00    0.00000e+00    0.00000e+00    0.00000e+00    0.00000e+00    0.00000e+00    0.00000e+00    0.00000e+00
    0.00000e+00    0.00000e+00    0.00000e+00    0.00000e+00    0.00000e+00    0.00000e+00    0.00000e+00    0.00000e+00    0.00000e+00   -0.00000e+00    0.00000e+00    0.00000e+00   -5.96046e-08    5.96046e-08   -5.96046e-08    1.78814e-07   -4.76837e-07    4.76837e-07   -2.44379e-06    7.74860e-07    3.21865e-06    1.07288e-06    2.22921e-05    3.09944e-05    2.23517e-05    4.46439e-05    1.91331e-04   -4.51326e-04   -1.59645e-03    1.59740e-03   -9.59778e-03   -3.26157e-03   -1.52874e-03    2.67487e-02    1.00000e+00    0.00000e+00    0.00000e+00    0.00000e+00    0.00000e+00    0.00000e+00    0.00000e+00    0.00000e+00    0.00000e+00    0.00000e+00    0.00000e+00    0.00000e+00    0.00000e+00    0.00000e+00    0.00000e+00    0.00000e+00    0.00000e+00    0.00000e+00    0.00000e+00    0.00000e+00    0.00000e+00    0.00000e+00    0.00000e+00    0.00000e+00    0.00000e+00    0.00000e+00    0.00000e+00    0.00000e+00    0.00000e+00    0.00000e+00
    0.00000e+00    0.00000e+00    0.00000e+00    0.00000e+00   -0.00000e+00    0.00000e+00   -0.00000e+00    0.00000e+00    0.00000e+00   -0.00000e+00    0.00000e+00    0.00000e+00   -0.00000e+00    0.00000e+00   -0.00000e+00    5.96046e-08   -5.96046e-08    1.19209e-07   -2.98023e-07    0.00000e+00    2.38419e-06   -6.61612e-06   -1.27554e-05    2.95043e-05   -1.22786e-04    1.94311e-04   -1.82390e-05    6.90818e-05   -3.78370e-04    1.43242e-03    3.28636e-03   -2.42043e-03    1.04370e-02    3.18909e-02   -1.69525e-02    1.00000e+00    0.00000e+00    0.00000e+00    0.00000e+00    0.00000e+00    0.00000e+00    0.00000e+00    0.00000e+00    0.00000e+00    0.00000e+00    0.00000e+00    0.00000e+00    0.00000e+00    0.00000e+00    0.00000e+00    0.00000e+00    0.00000e+00    0.00000e+00    0.00000e+00    0.00000e+00    0.00000e+00    0.00000e+00    0.00000e+00    0.00000e+00    0.00000e+00    0.00000e+00    0.00000e+00    0.00000e+00    0.00000e+00
    0.00000e+00    0.00000e+00    0.00000e+00    0.00000e+00    0.00000e+00    0.00000e+00    0.00000e+00    0.00000e+00    0.00000e+00    0.00000e+00    0.00000e+00    0.00000e+00    0.00000e+00    0.00000e+00    0.00000e+00    0.00000e+00   -5.96046e-08    5.96046e-08   -1.19209e-07   -2.38419e-07   -7.74860e-07   -2.50340e-06    1.31130e-06   -8.94070e-07   -1.14441e-05    3.99351e-06    2.93255e-05   -3.54648e-05    8.47578e-05   -1.74761e-04    6.32286e-04    3.06129e-04   -1.37901e-03   -1.15573e-04    4.02069e-03   -9.34601e-03    1.00000e+00    0.00000e+00    0.00000e+00    0.00000e+00    0.00000e+00    0.00000e+00    0.00000e+00    0.00000e+00    0.00000e+00    0.00000e+00    0.00000e+00    0.00000e+00    0.00000e+00    0.00000e+00    0.00000e+00    0.00000e+00    0.00000e+00    0.00000e+00    0.00000e+00    0.00000e+00    0.00000e+00    0.00000e+00    0.00000e+00    0.00000e+00    0.00000e+00    0.00000e+00    0.00000e+00    0.00000e+00
    0.00000e+00    0.00000e+00    0.00000e+00    0.00000e+00    0.00000e+00    0.00000e+00    0.00000e+00    0.00000e+00    0.00000e+00    0.00000e+00    0.00000e+00    0.00000e+00    0.00000e+00    0.00000e+00    0.00000e+00    0.00000e+00    0.00000e+00   -1.78814e-07   -1.19209e-07    4.76837e-07   -1.01328e-06   -2.14577e-06    1.29342e-05   -3.39746e-06    2.73585e-05    2.86102e-06    3.29018e-05   -1.03235e-04    3.12090e-04   -5.93662e-04    1.92261e-03    2.23756e-04   -5.65720e-03    8.81195e-04    1.50375e-02    3.28445e-03    2.25830e-02    1.00000e+00    0.00000e+00    0.00000e+00    0.00000e+00    0.00000e+00    0.00000e+00    0.00000e+00    0.00000e+00    0.00000e+00    0.00000e+00    0.00000e+00    0.00000e+00    0.00000e+00    0.00000e+00    0.00000e+00    0.00000e+00    0.00000e+00    0.00000e+00    0.00000e+00    0.00000e+00    0.00000e+00    0.00000e+00    0.00000e+00    0.00000e+00    0.00000e+00    0.00000e+00    0.00000e+00
    0.00000e+00    0.00000e+00    0.00000e+00    0.00000e+00    0.00000e+00    0.00000e+00    0.00000e+00    0.00000e+00    0.00000e+00    0.00000e+00    0.00000e+00    0.00000e+00    0.00000e+00    0.00000e+00    0.00000e+00    0.00000e+00    0.00000e+00    5.96046e-08    5.96046e-08   -1.19209e-07   -5.96046e-07   -1.43051e-06    2.32458e-06   -7.15256e-07   -4.52995e-06    4.82798e-06   -1.52588e-05   -9.31621e-05   -4.41074e-05   -1.99676e-04    1.43409e-04   -4.54187e-04   -2.39372e-03   -1.52397e-03   -6.74820e-03    5.31006e-03   -5.48840e-04    3.63464e-02    1.00000e+00    0.00000e+00    0.00000e+00    0.00000e+00    0.00000e+00    0.00000e+00    0.00000e+00    0.00000e+00    0.00000e+00    0.00000e+00    0.00000e+00    0.00000e+00    0.00000e+00    0.00000e+00    0.00000e+00    0.00000e+00    0.00000e+00    0.00000e+00    0.00000e+00    0.00000e+00    0.00000e+00    0.00000e+00    0.00000e+00    0.00000e+00    0.00000e+00    0.00000e+00
    0.00000e+00    0.00000e+00    0.00000e+00    0.00000e+00    0.00000e+00    0.00000e+00    0.00000e+00    0.00000e+00    0.00000e+00    0.00000e+00    0.00000e+00    0.00000e+00    0.00000e+00    0.00000e+00    0.00000e+00    0.00000e+00    0.00000e+00    0.00000e+00    0.00000e+00    0.00000e+00   -1.78814e-07   -1.78814e-07    9.53674e-07    7.15256e-07   -2.32458e-06    1.07288e-06    1.18017e-05   -2.00868e-05   -6.97374e-06   -7.87973e-05    3.81231e-04   -1.61529e-05   -7.48634e-04   -9.16958e-04    5.20706e-04   -8.77380e-04   -2.76947e-03   -2.07710e-03   -9.73511e-03    1.00000e+00    0.00000e+00    0.00000e+00    0.00000e+00    0.00000e+00    0.00000e+00    0.00000e+00    0.00000e+00    0.00000e+00    0.00000e+00    0.00000e+00    0.00000e+00    0.00000e+00    0.00000e+00    0.00000e+00    0.00000e+00    0.00000e+00    0.00000e+00    0.00000e+00    0.00000e+00    0.00000e+00    0.00000e+00    0.00000e+00    0.00000e+00    0.00000e+00
    0.00000e+00    0.00000e+00    0.00000e+00    0.00000e+00    0.00000e+00    0.00000e+00    0.00000e+00    0.00000e+00    0.00000e+00    0.00000e+00    0.00000e+00    0.00000e+00    0.00000e+00    0.00000e+00    0.00000e+00    0.00000e+00    0.00000e+00    0.00000e+00    0.00000e+00    0.00000e+00    0.00000e+00   -5.96046e-08    1.78814e-07   -5.96046e-08   -3.57628e-07    0.00000e+00    1.66893e-06    1.07288e-06    7.21216e-06   -3.57628e-06    9.41753e-06    1.13249e-06   -7.28369e-05    2.64049e-05   -2.15292e-04   -9.77516e-04   -1.07002e-03    3.93629e-04   -3.70216e-03   -9.36127e-03    1.00000e+00    0.00000e+00    0.00000e+00    0.00000e+00    0.00000e+00    0.00000e+00    0.00000e+00    0.00000e+00    0.00000e+00    0.00000e+00    0.00000e+00    0.00000e+00    0.00000e+00    0.00000e+00    0.00000e+00    0.00000e+00    0.00000e+00    0.00000e+00    0.00000e+00    0.00000e+00    0.00000e+00    0.00000e+00    0.00000e+00    0.00000e+00
    0.00000e+00    0.00000e+00    0.00000e+00    0.00000e+00    0.00000e+00    0.00000e+00    0.00000e+00    0.00000e+00    0.00000e+00    0.00000e+00    0.00000e+00    0.00000e+00    0.00000e+00    0.00000e+00    0.00000e+00    0.00000e+00    0.00000e+00    0.00000e+00    0.00000e+00    0.00000e+00    0.00000e+00    5.96046e-08   -5.96046e-08    1.78814e-07   -5.96046e-08   -6.55651e-07    5.36442e-07    3.27826e-06   -3.87430e-06    1.04904e-05    5.06639e-06    1.43647e-05    4.38690e-05   -2.91109e-04    1.70827e-04   -3.60012e-04   -2.25639e-03   -1.37424e-03   -1.67370e-03   -4.38309e-03    1.29223e-03    1.00000e+00    0.00000e+00    0.00000e+00    0.00000e+00    0.00000e+00    0.00000e+00    0.00000e+00    0.00000e+00    0.00000e+00    0.00000e+00    0.00000e+00    0.00000e+00    0.00000e+00    0.00000e+00    0.00000e+00    0.00000e+00    0.00000e+00    0.00000e+00    0.00000e+00    0.00000e+00    0.00000e+00    0.00000e+00    0.00000e+00
    0.00000e+00    0.00000e+00    0.00000e+00    0.00000e+00    0.00000e+00    0.00000e+00    0.00000e+00    0.00000e+00    0.00000e+00    0.00000e+00    0.00000e+00    0.00000e+00    0.00000e+00    0.00000e+00    0.00000e+00    0.00000e+00    0.00000e+00    0.00000e+00    0.00000e+00    0.00000e+00    0.00000e+00    0.00000e+00   -5.96046e-08    5.96046e-08   -1.78814e-07    0.00000e+00   -3.57628e-07    4.29153e-06    6.25849e-06   -1.26958e-05    1.40667e-05    6.22272e-05   -8.14199e-05    1.89185e-04   -1.06812e-04    1.22356e-03    3.62015e-03    2.55823e-04    6.93512e-03    9.71985e-03   -6.29807e-03    2.92969e-02    1.00000e+00    0.00000e+00    0.00000e+00    0.00000e+00    0.00000e+00    0.00000e+00    0.00000e+00    0.00000e+00    0.00000e+00    0.00000e+00    0.00000e+00    0.00000e+00    0.00000e+00    0.00000e+00    0.00000e+00    0.00000e+00    0.00000e+00    0.00000e+00    0.00000e+00    0.00000e+00    0.00000e+00    0.00000e+00
    0.00000e+00    0.00000e+00    0.00000e+00    0.00000e+00    0.00000e+00    0.00000e+00    0.00000e+00    0.00000e+00    0.00000e+00    0.00000e+00    0.00000e+00    0.00000e+00    0.00000e+00    0.00000e+00    0.00000e+00    0.00000e+00    0.00000e+00    0.00000e+00    0.00000e+00    0.00000e+00    0.00000e+00    0.00000e+00    0.00000e+00    0.00000e+00    0.00000e+00   -1.19209e-07    2.98023e-07    3.57628e-07    5.30481e-06   -2.92063e-06    3.13520e-05    1.99676e-05   -3.28422e-05    1.96695e-06   -4.23789e-05   -5.48363e-05    4.58717e-04   -1.02282e-04   -4.31824e-03    9.00745e-04    1.95312e-03    6.93893e-03   -2.74506e-02    1.00000e+00    0.00000e+00    0.00000e+00    0.00000e+00    0.00000e+00    0.00000e+00    0.00000e+00    0.00000e+00    0.00000e+00    0.00000e+00    0.00000e+00    0.00000e+00    0.00000e+00    0.00000e+00    0.00000e+00    0.00000e+00    0.00000e+00    0.00000e+00    0.00000e+00    0.00000e+00    0.00000e+00
    0.00000e+00    0.00000e+00    0.00000e+00    0.00000e+00    0.00000e+00    0.00000e+00    0.00000e+00    0.00000e+00    0.00000e+00    0.00000e+00    0.00000e+00    0.00000e+00    0.00000e+00    0.00000e+00    0.00000e+00    0.00000e+00    0.00000e+00    0.00000e+00    0.00000e+00    0.00000e+00    0.00000e+00    0.00000e+00    0.00000e+00    0.00000e+00   -1.19209e-07   -2.38419e-07   -1.19209e-07   -4.76837e-07    3.75509e-06   -5.78165e-06   -3.60012e-05   -8.22544e-06    4.21405e-05    1.78099e-04    1.06156e-04    2.73705e-04    1.01268e-04    5.52654e-04    6.05011e-03    6.21796e-03   -5.65338e-03    1.55411e-02   -1.10817e-03    3.04031e-03    1.00000e+00    0.00000e+00    0.00000e+00    0.00000e+00    0.00000e+00    0.00000e+00    0.00000e+00    0.00000e+00    0.00000e+00    0.00000e+00    0.00000e+00    0.00000e+00    0.00000e+00    0.00000e+00    0.00000e+00    0.00000e+00    0.00000e+00    0.00000e+00    0.00000e+00    0.00000e+00
    0.00000e+00    0.00000e+00    0.00000e+00    0.00000e+00    0.00000e+00    0.00000e+00    0.00000e+00    0.00000e+00    0.00000e+00    0.00000e+00    0.00000e+00    0.00000e+00    0.00000e+00    0.00000e+00    0.00000e+00    0.00000e+00    0.00000e+00    0.00000e+00    0.00000e+00    0.00000e+00    0.00000e+00    0.00000e+00    0.00000e+00    0.00000e+00    5.96046e-08    0.00000e+00    0.00000e+00    0.00000e+00    2.98023e-07   -1.25170e-06    2.02656e-06   -2.26498e-06   -3.69549e-06    3.03984e-06    1.54972e-05    9.82881e-05    1.31607e-04    2.73705e-04    2.73943e-04    9.36031e-04    6.74248e-04    2.01607e-03   -4.10461e-03   -1.02844e-02    1.55411e-02    1.00000e+00    0.00000e+00    0.00000e+00    0.00000e+00    0.00000e+00    0.00000e+00    0.00000e+00    0.00000e+00    0.00000e+00    0.00000e+00    0.00000e+00    0.00000e+00    0.00000e+00    0.00000e+00    0.00000e+00    0.00000e+00    0.00000e+00    0.00000e+00    0.00000e+00
    0.00000e+00    0.00000e+00    0.00000e+00    0.00000e+00    0.00000e+00    0.00000e+00    0.00000e+00    0.00000e+00    0.00000e+00    0.00000e+00    0.00000e+00    0.00000e+00    0.00000e+00    0.00000e+00    0.00000e+00    0.00000e+00    0.00000e+00    0.00000e+00    0.00000e+00    0.00000e+00    0.00000e+00    0.00000e+00    0.00000e+00    0.00000e+00    5.96046e-08    0.00000e+00    1.19209e-07   -2.98023e-07    4.17233e-07    1.19209e-07    6.19888e-06   -1.01328e-06   -1.05500e-05   -4.04119e-05    4.43459e-05   -5.10216e-05   -1.35660e-04   -1.82509e-04   -6.48022e-04   -8.99792e-04    4.93526e-04    3.06129e-04    1.40305e-02   -4.87900e-03    1.13297e-02   -6.30493e-02    1.00000e+00    0.00000e+00    0.00000e+00    0.00000e+00    0.00000e+00    0.00000e+00    0.00000e+00    0.00000e+00    0.00000e+00    0.00000e+00    0.00000e+00    0.00000e+00    0.00000e+00    0.00000e+00    0.00000e+00    0.00000e+00    0.00000e+00    0.00000e+00
    0.00000e+00    0.00000e+00    0.00000e+00    0.00000e+00    0.00000e+00    0.00000e+00    0.00000e+00    0.00000e+00    0.00000e+00    0.00000e+00    0.00000e+00    0.00000e+00    0.00000e+00    0.00000e+00    0.00000e+00    0.00000e+00    0.00000e+00    0.00000e+00    0.00000e+00    0.00000e+00    0.00000e+00    0.00000e+00    0.00000e+00    0.00000e+00    0.00000e+00    0.00000e+00   -5.96046e-08   -5.96046e-08   -4.17233e-07   -5.96046e-08    1.78814e-07    0.00000e+00   -1.19209e-07   -7.56979e-06   -1.54972e-05   -9.00030e-06    8.94070e-07   -1.57952e-05   -3.72529e-05   -2.47002e-04    1.04141e-03   -1.42479e-03   -9.28879e-04   -6.61850e-03    1.01624e-02    5.26047e-03   -3.68958e-02    1.00000e+00    0.00000e+00    0.00000e+00    0.00000e+00    0.00000e+00    0.00000e+00    0.00000e+00    0.00000e+00    0.00000e+00    0.00000e+00    0.00000e+00    0.00000e+00    0.00000e+00    0.00000e+00    0.00000e+00    0.00000e+00    0.00000e+00
    0.00000e+00    0.00000e+00    0.00000e+00    0.00000e+00    0.00000e+00    0.00000e+00    0.00000e+00    0.00000e+00    0.00000e+00    0.00000e+00    0.00000e+00    0.00000e+00    0.00000e+00    0.00000e+00    0.00000e+00    0.00000e+00    0.00000e+00    0.00000e+00    0.00000e+00    0.00000e+00    0.00000e+00    0.00000e+00    0.00000e+00    0.00000e+00    0.00000e+00    0.00000e+00    0.00000e+00    0.00000e+00    5.96046e-08   -5.96046e-08    2.98023e-07   -4.76837e-07   -1.78814e-07    6.55651e-07    3.33786e-06   -3.45707e-06    6.73532e-06    3.01600e-05   -3.70145e-05    1.59025e-04   -5.36442e-04    2.21372e-04    3.44276e-04   -5.08428e-05    1.73473e-03    6.18458e-04    5.04303e-03    5.06210e-03    1.00000e+00    0.00000e+00    0.00000e+00    0.00000e+00    0.00000e+00    0.00000e+00    0.00000e+00    0.00000e+00    0.00000e+00    0.00000e+00    0.00000e+00    0.00000e+00    0.00000e+00    0.00000e+00    0.00000e+00    0.00000e+00
    0.00000e+00    0.00000e+00    0.00000e+00    0.00000e+00    0.00000e+00    0.00000e+00    0.00000e+00    0.00000e+00    0.00000e+00    0.00000e+00    0.00000e+00    0.00000e+00    0.00000e+00    0.00000e+00    0.00000e+00    0.00000e+00    0.00000e+00    0.00000e+00    0.00000e+00    0.00000e+00    0.00000e+00    0.00000e+00    0.00000e+00    0.00000e+00    0.00000e+00    0.00000e+00    0.00000e+00    0.00000e+00   -1.19209e-07    0.00000e+00   -5.96046e-07    1.78814e-07    1.19209e-07    1.78814e-07   -4.11272e-06    1.90735e-06   -2.86102e-06   -5.96046e-07    1.80602e-05    1.05560e-04   -2.88010e-04    7.79152e-04   -8.61645e-04    7.85351e-04   -1.51825e-03   -5.15938e-04    9.10950e-03   -2.97852e-02   -2.55585e-03    1.00000e+00    0.00000e+00    0.00000e+00    0.00000e+00    0.00000e+00    0.00000e+00    0.00000e+00    0.00000e+00    0.00000e+00    0.00000e+00    0.00000e+00    0.00000e+00    0.00000e+00    0.00000e+00    0.00000e+00
    0.00000e+00    0.00000e+00    0.00000e+00    0.00000e+00    0.00000e+00    0.00000e+00    0.00000e+00    0.00000e+00    0.00000e+00    0.00000e+00    0.00000e+00    0.00000e+00    0.00000e+00    0.00000e+00    0.00000e+00    0.00000e+00    0.00000e+00    0.00000e+00    0.00000e+00    0.00000e+00    0.00000e+00    0.00000e+00    0.00000e+00    0.00000e+00    0.00000e+00    0.00000e+00    0.00000e+00    0.00000e+00    0.00000e+00    0.00000e+00    5.96046e-08    5.96046e-08   -1.19209e-07    5.96046e-08    8.94070e-07    3.57628e-07   -3.45707e-06   -1.37091e-06   -3.57628e-07   -1.48416e-05   -6.57439e-05   -2.00272e-04   -1.96338e-04    1.47104e-04   -1.71661e-03   -1.99318e-04   -2.92587e-03    6.54221e-03   -6.05774e-03   -2.61383e-02    1.00000e+00    0.00000e+00    0.00000e+00    0.00000e+00    0.00000e+00    0.00000e+00    0.00000e+00    0.00000e+00    0.00000e+00    0.00000e+00    0.00000e+00    0.00000e+00    0.00000e+00    0.00000e+00
    0.00000e+00    0.00000e+00    0.00000e+00    0.00000e+00    0.00000e+00    0.00000e+00    0.00000e+00    0.00000e+00    0.00000e+00    0.00000e+00    0.00000e+00    0.00000e+00    0.00000e+00    0.00000e+00    0.00000e+00    0.00000e+00    0.00000e+00    0.00000e+00    0.00000e+00    0.00000e+00    0.00000e+00    0.00000e+00    0.00000e+00    0.00000e+00    0.00000e+00    0.00000e+00    0.00000e+00    0.00000e+00    0.00000e+00    0.00000e+00    0.00000e+00   -1.78814e-07    1.78814e-07    2.98023e-07    7.15256e-07   -1.19209e-07   -7.15256e-07   -1.54972e-06   -6.73532e-06    1.21593e-05   -7.20024e-05    6.59227e-05   -3.83258e-05    6.52075e-05    2.23160e-04    9.38892e-04   -9.67979e-04   -2.40135e-03    5.33462e-05   -1.54800e-02   -5.32627e-04    1.00000e+00    0.00000e+00    0.00000e+00    0.00000e+00    0.00000e+00    0.00000e+00    0.00000e+00    0.00000e+00    0.00000e+00    0.00000e+00    0.00000e+00    0.00000e+00    0.00000e+00
    0.00000e+00    0.00000e+00    0.00000e+00    0.00000e+00    0.00000e+00    0.00000e+00    0.00000e+00    0.00000e+00    0.00000e+00    0.00000e+00    0.00000e+00    0.00000e+00    0.00000e+00    0.00000e+00    0.00000e+00    0.00000e+00    0.00000e+00    0.00000e+00    0.00000e+00    0.00000e+00    0.00000e+00    0.00000e+00    0.00000e+00    0.00000e+00    0.00000e+00    0.00000e+00    0.00000e+00    0.00000e+00    0.00000e+00    0.00000e+00   -5.96046e-08    0.00000e+00    5.96046e-08    1.19209e-07    2.98023e-07    1.13249e-06    4.76837e-07    2.74181e-06    1.95503e-05    9.83477e-06    4.46439e-05    1.04904e-05   -6.46710e-05    9.29832e-05   -8.75592e-05   -1.19400e-03   -1.75095e-03    1.74999e-03    1.55258e-03   -3.81851e-03   -5.31006e-03   -1.81580e-02    1.00000e+00    0.00000e+00    0.00000e+00    0.00000e+00    0.00000e+00    0.00000e+00    0.00000e+00    0.00000e+00    0.00000e+00    0.00000e+00    0.00000e+00    0.00000e+00
    0.00000e+00    0.00000e+00    0.00000e+00    0.00000e+00    0.00000e+00    0.00000e+00    0.00000e+00    0.00000e+00    0.00000e+00    0.00000e+00    0.00000e+00    0.00000e+00    0.00000e+00    0.00000e+00    0.00000e+00    0.00000e+00    0.00000e+00    0.00000e+00    0.00000e+00    0.00000e+00    0.00000e+00    0.00000e+00    0.00000e+00    0.00000e+00    0.00000e+00    0.00000e+00    0.00000e+00    0.00000e+00    0.00000e+00    0.00000e+00    0.00000e+00    0.00000e+00   -0.00000e+00   -5.96046e-08   -0.00000e+00    1.78814e-07   -3.57628e-07   -8.34465e-07   -7.74860e-07   -4.82798e-06   -2.98023e-07   -4.14252e-05   -7.66516e-05   -7.80821e-05    1.02401e-04    3.88622e-05    7.09295e-05   -2.68364e-03    1.72424e-03    8.76427e-04   -6.46973e-03    1.94550e-02    2.16675e-02    1.00000e+00    0.00000e+00    0.00000e+00    0.00000e+00    0.00000e+00    0.00000e+00    0.00000e+00    0.00000e+00    0.00000e+00    0.00000e+00    0.00000e+00
    0.00000e+00    0.00000e+00    0.00000e+00    0.00000e+00    0.00000e+00    0.00000e+00    0.00000e+00    0.00000e+00    0.00000e+00    0.00000e+00    0.00000e+00    0.00000e+00    0.00000e+00    0.00000e+00    0.00000e+00    0.00000e+00    0.00000e+00    0.00000e+00    0.00000e+00    0.00000e+00    0.00000e+00    0.00000e+00    0.00000e+00    0.00000e+00    0.00000e+00    0.00000e+00    0.00000e+00    0.00000e+00    0.00000e+00    0.00000e+00    0.00000e+00    0.00000e+00    5.96046e-08    5.96046e-08   -2.38419e-07    1.78814e-07    2.98023e-07   -2.74181e-06    3.87430e-06   -1.85370e-05    5.54919e-05   -5.83529e-05    4.60744e-05    5.17368e-05    7.74860e-05    8.26716e-05    7.71284e-05   -5.93662e-04    4.36068e-04    6.75964e-03   -2.35939e-03    1.17264e-02   -2.21710e-02    1.46637e-02    1.00000e+00    0.00000e+00    0.00000e+00    0.00000e+00    0.00000e+00    0.00000e+00    0.00000e+00    0.00000e+00    0.00000e+00    0.00000e+00
    0.00000e+00    0.00000e+00    0.00000e+00    0.00000e+00    0.00000e+00    0.00000e+00    0.00000e+00    0.00000e+00    0.00000e+00    0.00000e+00    0.00000e+00    0.00000e+00    0.00000e+00    0.00000e+00    0.00000e+00    0.00000e+00    0.00000e+00    0.00000e+00    0.00000e+00    0.00000e+00    0.00000e+00    0.00000e+00    0.00000e+00    0.00000e+00    0.00000e+00    0.00000e+00    0.00000e+00    0.00000e+00    0.00000e+00    0.00000e+00    0.00000e+00    0.00000e+00    0.00000e+00   -0.00000e+00    5.96046e-08   -0.00000e+00   -5.96046e-08    1.78814e-07   -1.54972e-06    4.41074e-06   -6.67572e-06    4.76837e-07   -1.29342e-05   -3.11136e-05   -1.92523e-05   -8.20756e-05   -3.42727e-05   -1.88589e-04    1.05858e-04   -2.61116e-03   -2.22969e-03    2.55966e-03    5.27954e-03    3.30925e-03    4.02451e-03    1.00000e+00    0.00000e+00    0.00000e+00    0.00000e+00    0.00000e+00    0.00000e+00    0.00000e+00    0.00000e+00    0.00000e+00
    0.00000e+00    0.00000e+00    0.00000e+00    0.00000e+00    0.00000e+00    0.00000e+00    0.00000e+00    0.00000e+00    0.00000e+00    0.00000e+00    0.00000e+00    0.00000e+00    0.00000e+00    0.00000e+00    0.00000e+00    0.00000e+00    0.00000e+00    0.00000e+00    0.00000e+00    0.00000e+00    0.00000e+00    0.00000e+00    0.00000e+00    0.00000e+00    0.00000e+00    0.00000e+00    0.00000e+00    0.00000e+00    0.00000e+00    0.00000e+00    0.00000e+00    0.00000e+00   -0.00000e+00   -0.00000e+00    5.96046e-08   -5.96046e-08    5.96046e-08    1.19209e-07   -1.07288e-06    3.09944e-06   -5.96046e-06    3.45707e-06   -9.41753e-06    6.02007e-06   -5.42402e-06    1.68681e-05    2.71201e-05   -1.64509e-05   -2.18391e-04   -9.20773e-04    1.75381e-03   -2.93970e-04    3.59535e-04   -4.23050e-03    1.90582e-02   -2.67181e-02    1.00000e+00    0.00000e+00    0.00000e+00    0.00000e+00    0.00000e+00    0.00000e+00    0.00000e+00    0.00000e+00
    0.00000e+00    0.00000e+00    0.00000e+00    0.00000e+00    0.00000e+00    0.00000e+00    0.00000e+00    0.00000e+00    0.00000e+00    0.00000e+00    0.00000e+00    0.00000e+00    0.00000e+00    0.00000e+00    0.00000e+00    0.00000e+00    0.00000e+00    0.00000e+00    0.00000e+00    0.00000e+00    0.00000e+00    0.00000e+00    0.00000e+00    0.00000e+00    0.00000e+00    0.00000e+00    0.00000e+00    0.00000e+00    0.00000e+00    0.00000e+00    0.00000e+00    0.00000e+00   -0.00000e+00   -0.00000e+00    0.00000e+00   -5.96046e-08    5.96046e-08    5.96046e-08   -2.38419e-07   -4.76837e-07   -1.66893e-06   -4.17233e-07   -1.19209e-07    1.18017e-05   -8.94070e-06    1.61529e-05    1.51396e-05    1.29342e-05   -6.55651e-06   -4.54187e-04    1.80602e-05    2.96831e-04   -3.76320e-03   -1.24645e-03    7.15256e-03   -2.85187e-02    5.83172e-04    1.00000e+00    0.00000e+00    0.00000e+00    0.00000e+00    0.00000e+00    0.00000e+00    0.00000e+00
    0.00000e+00    0.00000e+00    0.00000e+00    0.00000e+00    0.00000e+00    0.00000e+00    0.00000e+00    0.00000e+00    0.00000e+00    0.00000e+00    0.00000e+00    0.00000e+00    0.00000e+00    0.00000e+00    0.00000e+00    0.00000e+00    0.00000e+00    0.00000e+00    0.00000e+00    0.00000e+00    0.00000e+00    0.00000e+00    0.00000e+00    0.00000e+00    0.00000e+00    0.00000e+00    0.00000e+00    0.00000e+00    0.00000e+00    0.00000e+00    0.00000e+00    0.00000e+00    0.00000e+00    0.00000e+00   -0.00000e+00    0.00000e+00   -5.96046e-08    0.00000e+00    1.19209e-07   -7.15256e-07    8.94070e-07    2.38419e-07    2.74181e-06   -1.01328e-06    3.03984e-06   -3.87430e-06   -1.78814e-06   -7.15256e-05    7.36713e-05    6.89626e-05   -1.44362e-04    6.77586e-04    1.21784e-03   -3.52287e-03   -1.50776e-03   -1.29242e-02    7.36618e-03   -2.47498e-02    1.00000e+00    0.00000e+00    0.00000e+00    0.00000e+00    0.00000e+00    0.00000e+00
    0.00000e+00    0.00000e+00    0.00000e+00    0.00000e+00    0.00000e+00    0.00000e+00    0.00000e+00    0.00000e+00    0.00000e+00    0.00000e+00    0.00000e+00    0.00000e+00    0.00000e+00    0.00000e+00    0.00000e+00    0.00000e+00    0.00000e+00    0.00000e+00    0.00000e+00    0.00000e+00    0.00000e+00    0.00000e+00    0.00000e+00    0.00000e+00    0.00000e+00    0.00000e+00    0.00000e+00    0.00000e+00    0.00000e+00    0.00000e+00    0.00000e+00    0.00000e+00    0.00000e+00    0.00000e+00   -0.00000e+00    0.00000e+00    0.00000e+00    0.00000e+00    2.38419e-07   -3.57628e-07    8.34465e-07   -5.36442e-07    9.53674e-07   -4.35114e-06    7.74860e-07   -8.16584e-06   -1.17421e-05   -3.51071e-05    3.86834e-05    5.13196e-05    2.71201e-05    1.86563e-04    2.03848e-05    8.16822e-04   -8.85010e-04   -3.12233e-03    4.58527e-03    2.43950e-03   -1.49369e-04    1.00000e+00    0.00000e+00    0.00000e+00    0.00000e+00    0.00000e+00
    0.00000e+00    0.00000e+00    0.00000e+00    0.00000e+00    0.00000e+00    0.00000e+00    0.00000e+00    0.00000e+00    0.00000e+00    0.00000e+00    0.00000e+00    0.00000e+00    0.00000e+00    0.00000e+00    0.00000e+00    0.00000e+00    0.00000e+00    0.00000e+00    0.00000e+00    0.00000e+00    0.00000e+00    0.00000e+00    0.00000e+00    0.00000e+00    0.00000e+00    0.00000e+00    0.00000e+00    0.00000e+00    0.00000e+00    0.00000e+00    0.00000e+00    0.00000e+00    0.00000e+00    0.00000e+00    0.00000e+00    0.00000e+00    0.00000e+00   -0.00000e+00   -5.96046e-08    0.00000e+00   -0.00000e+00    2.98023e-07    2.98023e-07    4.76837e-07    1.78814e-06    3.63588e-06    5.78165e-06   -1.46031e-05   -1.64509e-05   -5.66244e-05    5.26905e-05   -1.45435e-05   -3.99947e-05   -3.36647e-04   -4.10318e-04    4.24576e-03   -3.15905e-04   -6.19888e-03   -1.19171e-02    4.15955e-02    1.00000e+00    0.00000e+00    0.00000e+00    0.00000e+00
    0.00000e+00    0.00000e+00    0.00000e+00    0.00000e+00    0.00000e+00    0.00000e+00    0.00000e+00    0.00000e+00    0.00000e+00    0.00000e+00    0.00000e+00    0.00000e+00    0.00000e+00    0.00000e+00    0.00000e+00    0.00000e+00    0.00000e+00    0.00000e+00    0.00000e+00    0.00000e+00    0.00000e+00    0.00000e+00    0.00000e+00    0.00000e+00    0.00000e+00    0.00000e+00    0.00000e+00    0.00000e+00    0.00000e+00    0.00000e+00    0.00000e+00    0.00000e+00   -0.00000e+00    0.00000e+00   -0.00000e+00    0.00000e+00    0.00000e+00    0.00000e+00   -0.00000e+00   -0.00000e+00    1.78814e-07   -4.76837e-07    4.76837e-07   -2.38419e-07   -1.66893e-06   -2.32458e-06   -2.92063e-06   -1.34706e-05    9.59635e-06    1.91331e-05   -8.94070e-06   -6.49095e-05   -2.32100e-04   -9.75609e-04    3.33071e-04   -3.08037e-04   -1.12534e-03    1.14250e-03    9.33075e-03    1.70288e-02   -9.08661e-03    1.00000e+00    0.00000e+00    0.00000e+00
    0.00000e+00    0.00000e+00    0.00000e+00    0.00000e+00    0.00000e+00    0.00000e+00    0.00000e+00    0.00000e+00    0.00000e+00    0.00000e+00    0.00000e+00    0.00000e+00    0.00000e+00    0.00000e+00    0.00000e+00    0.00000e+00    0.00000e+00    0.00000e+00    0.00000e+00    0.00000e+00    0.00000e+00    0.00000e+00    0.00000e+00    0.00000e+00    0.00000e+00    0.00000e+00    0.00000e+00    0.00000e+00    0.00000e+00    0.00000e+00    0.00000e+00    0.00000e+00   -0.00000e+00   -0.00000e+00   -0.00000e+00   -0.00000e+00   -0.00000e+00    0.00000e+00   -0.00000e+00   -0.00000e+00    0.00000e+00   -0.00000e+00   -5.96046e-08    1.78814e-07    0.00000e+00    3.57628e-07   -1.78814e-07    1.90735e-06    1.07288e-06    3.93391e-06    1.19209e-06    2.26498e-06   -1.96099e-05   -5.44786e-05   -3.80993e-04   -7.37667e-04    1.04237e-03   -2.75230e-03    3.33405e-03   -9.63688e-04   -2.08473e-03   -1.60828e-02    1.00000e+00    0.00000e+00
    0.00000e+00    0.00000e+00    0.00000e+00    0.00000e+00    0.00000e+00    0.00000e+00    0.00000e+00    0.00000e+00    0.00000e+00    0.00000e+00    0.00000e+00    0.00000e+00    0.00000e+00    0.00000e+00    0.00000e+00    0.00000e+00    0.00000e+00    0.00000e+00    0.00000e+00    0.00000e+00    0.00000e+00    0.00000e+00    0.00000e+00    0.00000e+00    0.00000e+00    0.00000e+00    0.00000e+00    0.00000e+00    0.00000e+00    0.00000e+00    0.00000e+00    0.00000e+00    0.00000e+00    0.00000e+00    0.00000e+00    0.00000e+00    0.00000e+00    0.00000e+00    0.00000e+00   -5.96046e-08    5.96046e-08   -1.78814e-07    5.96046e-08    4.76837e-07    4.17233e-07    7.15256e-07    5.96046e-08   -3.33786e-06    5.96046e-07    5.96046e-07    2.21729e-05   -8.70228e-06    8.28505e-06   -1.10626e-04   -3.13520e-04   -1.45435e-04   -1.00136e-03    1.15395e-03   -3.47519e-03   -3.06511e-03   -7.94983e-03    1.64700e-03   -4.59595e-02    1.00000e+00



    Before K@K^T inverse
smem_ptr[16b](0x7f1000018400) o (_64,(_8,_8)):(_8,(_1,_512)):
    2.19604e-01    0.00000e+00    0.00000e+00    0.00000e+00    0.00000e+00    0.00000e+00    0.00000e+00    0.00000e+00    0.00000e+00    0.00000e+00    0.00000e+00    0.00000e+00    0.00000e+00    0.00000e+00    0.00000e+00    0.00000e+00    0.00000e+00    0.00000e+00    0.00000e+00    0.00000e+00    0.00000e+00    0.00000e+00    0.00000e+00    0.00000e+00    0.00000e+00    0.00000e+00    0.00000e+00    0.00000e+00    0.00000e+00    0.00000e+00    0.00000e+00    0.00000e+00    0.00000e+00    0.00000e+00    0.00000e+00    0.00000e+00    0.00000e+00    0.00000e+00    0.00000e+00    0.00000e+00    0.00000e+00    0.00000e+00    0.00000e+00    0.00000e+00    0.00000e+00    0.00000e+00    0.00000e+00    0.00000e+00    0.00000e+00    0.00000e+00    0.00000e+00    0.00000e+00    0.00000e+00    0.00000e+00    0.00000e+00    0.00000e+00    0.00000e+00    0.00000e+00    0.00000e+00    0.00000e+00    0.00000e+00    0.00000e+00    0.00000e+00    0.00000e+00
    1.32675e-02    4.90723e-01    0.00000e+00    0.00000e+00    0.00000e+00    0.00000e+00    0.00000e+00    0.00000e+00    0.00000e+00    0.00000e+00    0.00000e+00    0.00000e+00    0.00000e+00    0.00000e+00    0.00000e+00    0.00000e+00    0.00000e+00    0.00000e+00    0.00000e+00    0.00000e+00    0.00000e+00    0.00000e+00    0.00000e+00    0.00000e+00    0.00000e+00    0.00000e+00    0.00000e+00    0.00000e+00    0.00000e+00    0.00000e+00    0.00000e+00    0.00000e+00    0.00000e+00    0.00000e+00    0.00000e+00    0.00000e+00    0.00000e+00    0.00000e+00    0.00000e+00    0.00000e+00    0.00000e+00    0.00000e+00    0.00000e+00    0.00000e+00    0.00000e+00    0.00000e+00    0.00000e+00    0.00000e+00    0.00000e+00    0.00000e+00    0.00000e+00    0.00000e+00    0.00000e+00    0.00000e+00    0.00000e+00    0.00000e+00    0.00000e+00    0.00000e+00    0.00000e+00    0.00000e+00    0.00000e+00    0.00000e+00    0.00000e+00    0.00000e+00
   -7.00378e-03   -1.02234e-02    4.74609e-01    0.00000e+00    0.00000e+00    0.00000e+00    0.00000e+00    0.00000e+00    0.00000e+00    0.00000e+00    0.00000e+00    0.00000e+00    0.00000e+00    0.00000e+00    0.00000e+00    0.00000e+00    0.00000e+00    0.00000e+00    0.00000e+00    0.00000e+00    0.00000e+00    0.00000e+00    0.00000e+00    0.00000e+00    0.00000e+00    0.00000e+00    0.00000e+00    0.00000e+00    0.00000e+00    0.00000e+00    0.00000e+00    0.00000e+00    0.00000e+00    0.00000e+00    0.00000e+00    0.00000e+00    0.00000e+00    0.00000e+00    0.00000e+00    0.00000e+00    0.00000e+00    0.00000e+00    0.00000e+00    0.00000e+00    0.00000e+00    0.00000e+00    0.00000e+00    0.00000e+00    0.00000e+00    0.00000e+00    0.00000e+00    0.00000e+00    0.00000e+00    0.00000e+00    0.00000e+00    0.00000e+00    0.00000e+00    0.00000e+00    0.00000e+00    0.00000e+00    0.00000e+00    0.00000e+00    0.00000e+00    0.00000e+00
   -7.96509e-03    3.08075e-02   -4.42200e-02    8.08105e-01    0.00000e+00    0.00000e+00    0.00000e+00    0.00000e+00    0.00000e+00    0.00000e+00    0.00000e+00    0.00000e+00    0.00000e+00    0.00000e+00    0.00000e+00    0.00000e+00    0.00000e+00    0.00000e+00    0.00000e+00    0.00000e+00    0.00000e+00    0.00000e+00    0.00000e+00    0.00000e+00    0.00000e+00    0.00000e+00    0.00000e+00    0.00000e+00    0.00000e+00    0.00000e+00    0.00000e+00    0.00000e+00    0.00000e+00    0.00000e+00    0.00000e+00    0.00000e+00    0.00000e+00    0.00000e+00    0.00000e+00    0.00000e+00    0.00000e+00    0.00000e+00    0.00000e+00    0.00000e+00    0.00000e+00    0.00000e+00    0.00000e+00    0.00000e+00    0.00000e+00    0.00000e+00    0.00000e+00    0.00000e+00    0.00000e+00    0.00000e+00    0.00000e+00    0.00000e+00    0.00000e+00    0.00000e+00    0.00000e+00    0.00000e+00    0.00000e+00    0.00000e+00    0.00000e+00    0.00000e+00
   -7.51114e-03   -6.74820e-03   -7.11823e-03    8.56018e-03    3.84277e-01    0.00000e+00    0.00000e+00    0.00000e+00    0.00000e+00    0.00000e+00    0.00000e+00    0.00000e+00    0.00000e+00    0.00000e+00    0.00000e+00    0.00000e+00    0.00000e+00    0.00000e+00    0.00000e+00    0.00000e+00    0.00000e+00    0.00000e+00    0.00000e+00    0.00000e+00    0.00000e+00    0.00000e+00    0.00000e+00    0.00000e+00    0.00000e+00    0.00000e+00    0.00000e+00    0.00000e+00    0.00000e+00    0.00000e+00    0.00000e+00    0.00000e+00    0.00000e+00    0.00000e+00    0.00000e+00    0.00000e+00    0.00000e+00    0.00000e+00    0.00000e+00    0.00000e+00    0.00000e+00    0.00000e+00    0.00000e+00    0.00000e+00    0.00000e+00    0.00000e+00    0.00000e+00    0.00000e+00    0.00000e+00    0.00000e+00    0.00000e+00    0.00000e+00    0.00000e+00    0.00000e+00    0.00000e+00    0.00000e+00    0.00000e+00    0.00000e+00    0.00000e+00    0.00000e+00
   -1.40762e-03   -1.51539e-03    1.22070e-02   -3.31726e-02   -5.19104e-02    7.61230e-01    0.00000e+00    0.00000e+00    0.00000e+00    0.00000e+00    0.00000e+00    0.00000e+00    0.00000e+00    0.00000e+00    0.00000e+00    0.00000e+00    0.00000e+00    0.00000e+00    0.00000e+00    0.00000e+00    0.00000e+00    0.00000e+00    0.00000e+00    0.00000e+00    0.00000e+00    0.00000e+00    0.00000e+00    0.00000e+00    0.00000e+00    0.00000e+00    0.00000e+00    0.00000e+00    0.00000e+00    0.00000e+00    0.00000e+00    0.00000e+00    0.00000e+00    0.00000e+00    0.00000e+00    0.00000e+00    0.00000e+00    0.00000e+00    0.00000e+00    0.00000e+00    0.00000e+00    0.00000e+00    0.00000e+00    0.00000e+00    0.00000e+00    0.00000e+00    0.00000e+00    0.00000e+00    0.00000e+00    0.00000e+00    0.00000e+00    0.00000e+00    0.00000e+00    0.00000e+00    0.00000e+00    0.00000e+00    0.00000e+00    0.00000e+00    0.00000e+00    0.00000e+00
    1.59740e-03    2.48337e-03   -3.89862e-03   -2.91252e-03   -1.27869e-02    3.96729e-02    5.76172e-01    0.00000e+00    0.00000e+00    0.00000e+00    0.00000e+00    0.00000e+00    0.00000e+00    0.00000e+00    0.00000e+00    0.00000e+00    0.00000e+00    0.00000e+00    0.00000e+00    0.00000e+00    0.00000e+00    0.00000e+00    0.00000e+00    0.00000e+00    0.00000e+00    0.00000e+00    0.00000e+00    0.00000e+00    0.00000e+00    0.00000e+00    0.00000e+00    0.00000e+00    0.00000e+00    0.00000e+00    0.00000e+00    0.00000e+00    0.00000e+00    0.00000e+00    0.00000e+00    0.00000e+00    0.00000e+00    0.00000e+00    0.00000e+00    0.00000e+00    0.00000e+00    0.00000e+00    0.00000e+00    0.00000e+00    0.00000e+00    0.00000e+00    0.00000e+00    0.00000e+00    0.00000e+00    0.00000e+00    0.00000e+00    0.00000e+00    0.00000e+00    0.00000e+00    0.00000e+00    0.00000e+00    0.00000e+00    0.00000e+00    0.00000e+00    0.00000e+00
   -1.81675e-03    1.98007e-04    1.10245e-03    2.18201e-03    5.69153e-03   -1.98212e-02   -2.38647e-02    6.29395e-01    0.00000e+00    0.00000e+00    0.00000e+00    0.00000e+00    0.00000e+00    0.00000e+00    0.00000e+00    0.00000e+00    0.00000e+00    0.00000e+00    0.00000e+00    0.00000e+00    0.00000e+00    0.00000e+00    0.00000e+00    0.00000e+00    0.00000e+00    0.00000e+00    0.00000e+00    0.00000e+00    0.00000e+00    0.00000e+00    0.00000e+00    0.00000e+00    0.00000e+00    0.00000e+00    0.00000e+00    0.00000e+00    0.00000e+00    0.00000e+00    0.00000e+00    0.00000e+00    0.00000e+00    0.00000e+00    0.00000e+00    0.00000e+00    0.00000e+00    0.00000e+00    0.00000e+00    0.00000e+00    0.00000e+00    0.00000e+00    0.00000e+00    0.00000e+00    0.00000e+00    0.00000e+00    0.00000e+00    0.00000e+00    0.00000e+00    0.00000e+00    0.00000e+00    0.00000e+00    0.00000e+00    0.00000e+00    0.00000e+00    0.00000e+00
    4.08888e-05    1.19209e-07    7.21812e-05   -8.97884e-04   -2.48528e-03   -2.64931e-03   -1.79443e-02   -1.65253e-02    3.60352e-01    0.00000e+00    0.00000e+00    0.00000e+00    0.00000e+00    0.00000e+00    0.00000e+00    0.00000e+00    0.00000e+00    0.00000e+00    0.00000e+00    0.00000e+00    0.00000e+00    0.00000e+00    0.00000e+00    0.00000e+00    0.00000e+00    0.00000e+00    0.00000e+00    0.00000e+00    0.00000e+00    0.00000e+00    0.00000e+00    0.00000e+00    0.00000e+00    0.00000e+00    0.00000e+00    0.00000e+00    0.00000e+00    0.00000e+00    0.00000e+00    0.00000e+00    0.00000e+00    0.00000e+00    0.00000e+00    0.00000e+00    0.00000e+00    0.00000e+00    0.00000e+00    0.00000e+00    0.00000e+00    0.00000e+00    0.00000e+00    0.00000e+00    0.00000e+00    0.00000e+00    0.00000e+00    0.00000e+00    0.00000e+00    0.00000e+00    0.00000e+00    0.00000e+00    0.00000e+00    0.00000e+00    0.00000e+00    0.00000e+00
   -1.79172e-04    7.53880e-04   -1.07956e-03    1.66798e-03    1.13869e-03    1.24893e-02    1.59607e-02   -3.79639e-02    8.68225e-03    8.67188e-01    0.00000e+00    0.00000e+00    0.00000e+00    0.00000e+00    0.00000e+00    0.00000e+00    0.00000e+00    0.00000e+00    0.00000e+00    0.00000e+00    0.00000e+00    0.00000e+00    0.00000e+00    0.00000e+00    0.00000e+00    0.00000e+00    0.00000e+00    0.00000e+00    0.00000e+00    0.00000e+00    0.00000e+00    0.00000e+00    0.00000e+00    0.00000e+00    0.00000e+00    0.00000e+00    0.00000e+00    0.00000e+00    0.00000e+00    0.00000e+00    0.00000e+00    0.00000e+00    0.00000e+00    0.00000e+00    0.00000e+00    0.00000e+00    0.00000e+00    0.00000e+00    0.00000e+00    0.00000e+00    0.00000e+00    0.00000e+00    0.00000e+00    0.00000e+00    0.00000e+00    0.00000e+00    0.00000e+00    0.00000e+00    0.00000e+00    0.00000e+00    0.00000e+00    0.00000e+00    0.00000e+00    0.00000e+00
    2.95043e-05   -8.78572e-05   -1.12355e-04    4.03643e-04    9.91821e-04   -1.18446e-03   -1.49369e-04    1.50299e-03   -8.62598e-04   -1.09711e-02    3.36182e-01    0.00000e+00    0.00000e+00    0.00000e+00    0.00000e+00    0.00000e+00    0.00000e+00    0.00000e+00    0.00000e+00    0.00000e+00    0.00000e+00    0.00000e+00    0.00000e+00    0.00000e+00    0.00000e+00    0.00000e+00    0.00000e+00    0.00000e+00    0.00000e+00    0.00000e+00    0.00000e+00    0.00000e+00    0.00000e+00    0.00000e+00    0.00000e+00    0.00000e+00    0.00000e+00    0.00000e+00    0.00000e+00    0.00000e+00    0.00000e+00    0.00000e+00    0.00000e+00    0.00000e+00    0.00000e+00    0.00000e+00    0.00000e+00    0.00000e+00    0.00000e+00    0.00000e+00    0.00000e+00    0.00000e+00    0.00000e+00    0.00000e+00    0.00000e+00    0.00000e+00    0.00000e+00    0.00000e+00    0.00000e+00    0.00000e+00    0.00000e+00    0.00000e+00    0.00000e+00    0.00000e+00
    1.06990e-04    3.73125e-05    2.33173e-04    4.42266e-04   -6.62327e-04    6.14166e-04    1.61552e-03    1.45721e-03   -8.80241e-04    1.34964e-02   -1.08948e-02    4.47510e-01    0.00000e+00    0.00000e+00    0.00000e+00    0.00000e+00    0.00000e+00    0.00000e+00    0.00000e+00    0.00000e+00    0.00000e+00    0.00000e+00    0.00000e+00    0.00000e+00    0.00000e+00    0.00000e+00    0.00000e+00    0.00000e+00    0.00000e+00    0.00000e+00    0.00000e+00    0.00000e+00    0.00000e+00    0.00000e+00    0.00000e+00    0.00000e+00    0.00000e+00    0.00000e+00    0.00000e+00    0.00000e+00    0.00000e+00    0.00000e+00    0.00000e+00    0.00000e+00    0.00000e+00    0.00000e+00    0.00000e+00    0.00000e+00    0.00000e+00    0.00000e+00    0.00000e+00    0.00000e+00    0.00000e+00    0.00000e+00    0.00000e+00    0.00000e+00    0.00000e+00    0.00000e+00    0.00000e+00    0.00000e+00    0.00000e+00    0.00000e+00    0.00000e+00    0.00000e+00
    5.09024e-05    3.09944e-06   -7.66516e-05    6.33001e-05    2.66552e-04    6.75678e-04    7.24792e-04   -1.17207e-03   -2.55346e-04   -7.52449e-04    7.00378e-03    5.95856e-03    4.66553e-01    0.00000e+00    0.00000e+00    0.00000e+00    0.00000e+00    0.00000e+00    0.00000e+00    0.00000e+00    0.00000e+00    0.00000e+00    0.00000e+00    0.00000e+00    0.00000e+00    0.00000e+00    0.00000e+00    0.00000e+00    0.00000e+00    0.00000e+00    0.00000e+00    0.00000e+00    0.00000e+00    0.00000e+00    0.00000e+00    0.00000e+00    0.00000e+00    0.00000e+00    0.00000e+00    0.00000e+00    0.00000e+00    0.00000e+00    0.00000e+00    0.00000e+00    0.00000e+00    0.00000e+00    0.00000e+00    0.00000e+00    0.00000e+00    0.00000e+00    0.00000e+00    0.00000e+00    0.00000e+00    0.00000e+00    0.00000e+00    0.00000e+00    0.00000e+00    0.00000e+00    0.00000e+00    0.00000e+00    0.00000e+00    0.00000e+00    0.00000e+00    0.00000e+00
   -2.30074e-05   -1.78814e-07    3.37958e-05   -5.06639e-06    7.39098e-06   -2.31981e-04   -1.95861e-04    1.14727e-03    5.07832e-04    1.27506e-03   -1.82629e-03   -1.23215e-02   -1.01757e-03    2.96631e-01    0.00000e+00    0.00000e+00    0.00000e+00    0.00000e+00    0.00000e+00    0.00000e+00    0.00000e+00    0.00000e+00    0.00000e+00    0.00000e+00    0.00000e+00    0.00000e+00    0.00000e+00    0.00000e+00    0.00000e+00    0.00000e+00    0.00000e+00    0.00000e+00    0.00000e+00    0.00000e+00    0.00000e+00    0.00000e+00    0.00000e+00    0.00000e+00    0.00000e+00    0.00000e+00    0.00000e+00    0.00000e+00    0.00000e+00    0.00000e+00    0.00000e+00    0.00000e+00    0.00000e+00    0.00000e+00    0.00000e+00    0.00000e+00    0.00000e+00    0.00000e+00    0.00000e+00    0.00000e+00    0.00000e+00    0.00000e+00    0.00000e+00    0.00000e+00    0.00000e+00    0.00000e+00    0.00000e+00    0.00000e+00    0.00000e+00    0.00000e+00
   -1.03712e-05   -3.33786e-06   -1.95503e-05   -3.69549e-06    1.60813e-04    2.75373e-04    1.40429e-04   -2.43783e-04    1.74403e-04    2.64168e-04    4.62341e-03   -5.47791e-03    1.02386e-02    2.35901e-02    2.75391e-01    0.00000e+00    0.00000e+00    0.00000e+00    0.00000e+00    0.00000e+00    0.00000e+00    0.00000e+00    0.00000e+00    0.00000e+00    0.00000e+00    0.00000e+00    0.00000e+00    0.00000e+00    0.00000e+00    0.00000e+00    0.00000e+00    0.00000e+00    0.00000e+00    0.00000e+00    0.00000e+00    0.00000e+00    0.00000e+00    0.00000e+00    0.00000e+00    0.00000e+00    0.00000e+00    0.00000e+00    0.00000e+00    0.00000e+00    0.00000e+00    0.00000e+00    0.00000e+00    0.00000e+00    0.00000e+00    0.00000e+00    0.00000e+00    0.00000e+00    0.00000e+00    0.00000e+00    0.00000e+00    0.00000e+00    0.00000e+00    0.00000e+00    0.00000e+00    0.00000e+00    0.00000e+00    0.00000e+00    0.00000e+00    0.00000e+00
   -1.19209e-07    2.38419e-06   -5.78165e-06   -1.15037e-05    1.32322e-05   -2.70009e-05    1.46508e-04   -9.50694e-05   -4.69923e-04    5.28693e-05   -5.04971e-04   -2.25830e-03    7.14874e-03   -5.66959e-04    1.19171e-02    2.56836e-01    0.00000e+00    0.00000e+00    0.00000e+00    0.00000e+00    0.00000e+00    0.00000e+00    0.00000e+00    0.00000e+00    0.00000e+00    0.00000e+00    0.00000e+00    0.00000e+00    0.00000e+00    0.00000e+00    0.00000e+00    0.00000e+00    0.00000e+00    0.00000e+00    0.00000e+00    0.00000e+00    0.00000e+00    0.00000e+00    0.00000e+00    0.00000e+00    0.00000e+00    0.00000e+00    0.00000e+00    0.00000e+00    0.00000e+00    0.00000e+00    0.00000e+00    0.00000e+00    0.00000e+00    0.00000e+00    0.00000e+00    0.00000e+00    0.00000e+00    0.00000e+00    0.00000e+00    0.00000e+00    0.00000e+00    0.00000e+00    0.00000e+00    0.00000e+00    0.00000e+00    0.00000e+00    0.00000e+00    0.00000e+00
    5.60284e-06    3.45707e-06    1.45435e-05   -3.91006e-05   -1.97291e-05    1.19209e-06   -2.42829e-04    1.77979e-04    3.73840e-04   -6.38485e-04    1.14250e-03    9.38177e-05   -1.07269e-02   -9.53674e-03   -4.54712e-02   -4.36401e-02    7.13379e-01    0.00000e+00    0.00000e+00    0.00000e+00    0.00000e+00    0.00000e+00    0.00000e+00    0.00000e+00    0.00000e+00    0.00000e+00    0.00000e+00    0.00000e+00    0.00000e+00    0.00000e+00    0.00000e+00    0.00000e+00    0.00000e+00    0.00000e+00    0.00000e+00    0.00000e+00    0.00000e+00    0.00000e+00    0.00000e+00    0.00000e+00    0.00000e+00    0.00000e+00    0.00000e+00    0.00000e+00    0.00000e+00    0.00000e+00    0.00000e+00    0.00000e+00    0.00000e+00    0.00000e+00    0.00000e+00    0.00000e+00    0.00000e+00    0.00000e+00    0.00000e+00    0.00000e+00    0.00000e+00    0.00000e+00    0.00000e+00    0.00000e+00    0.00000e+00    0.00000e+00    0.00000e+00    0.00000e+00
   -3.87430e-06    1.90735e-06    7.74860e-07    9.77516e-06   -6.91414e-06   -3.06964e-05   -6.68168e-05    9.40561e-05    1.94311e-04    1.88112e-04   -8.22067e-04    8.64983e-04    2.99835e-03    2.82478e-03   -2.44141e-03    2.07367e-02   -3.87573e-02    4.69482e-01    0.00000e+00    0.00000e+00    0.00000e+00    0.00000e+00    0.00000e+00    0.00000e+00    0.00000e+00    0.00000e+00    0.00000e+00    0.00000e+00    0.00000e+00    0.00000e+00    0.00000e+00    0.00000e+00    0.00000e+00    0.00000e+00    0.00000e+00    0.00000e+00    0.00000e+00    0.00000e+00    0.00000e+00    0.00000e+00    0.00000e+00    0.00000e+00    0.00000e+00    0.00000e+00    0.00000e+00    0.00000e+00    0.00000e+00    0.00000e+00    0.00000e+00    0.00000e+00    0.00000e+00    0.00000e+00    0.00000e+00    0.00000e+00    0.00000e+00    0.00000e+00    0.00000e+00    0.00000e+00    0.00000e+00    0.00000e+00    0.00000e+00    0.00000e+00    0.00000e+00    0.00000e+00
   -1.31130e-06    2.38419e-07    1.84774e-06    1.19209e-07   -4.29153e-06   -2.19345e-05   -1.42455e-05    3.52263e-05   -2.15769e-05   -2.20776e-04    6.63400e-05    2.55108e-04    1.43242e-03    6.42776e-04    9.46999e-04   -6.12736e-04    5.48935e-03    3.04794e-03    3.60107e-01    0.00000e+00    0.00000e+00    0.00000e+00    0.00000e+00    0.00000e+00    0.00000e+00    0.00000e+00    0.00000e+00    0.00000e+00    0.00000e+00    0.00000e+00    0.00000e+00    0.00000e+00    0.00000e+00    0.00000e+00    0.00000e+00    0.00000e+00    0.00000e+00    0.00000e+00    0.00000e+00    0.00000e+00    0.00000e+00    0.00000e+00    0.00000e+00    0.00000e+00    0.00000e+00    0.00000e+00    0.00000e+00    0.00000e+00    0.00000e+00    0.00000e+00    0.00000e+00    0.00000e+00    0.00000e+00    0.00000e+00    0.00000e+00    0.00000e+00    0.00000e+00    0.00000e+00    0.00000e+00    0.00000e+00    0.00000e+00    0.00000e+00    0.00000e+00    0.00000e+00
    1.07288e-06   -3.57628e-07   -2.08616e-06   -7.45058e-06    1.59740e-05    3.27826e-06    2.67625e-05    1.60933e-06    5.16176e-05    2.41518e-04   -1.07884e-05   -4.26769e-04   -4.01497e-04    2.53916e-05    2.55394e-03    2.41089e-03   -4.51326e-04    3.79944e-03    5.64098e-04    5.96191e-01    0.00000e+00    0.00000e+00    0.00000e+00    0.00000e+00    0.00000e+00    0.00000e+00    0.00000e+00    0.00000e+00    0.00000e+00    0.00000e+00    0.00000e+00    0.00000e+00    0.00000e+00    0.00000e+00    0.00000e+00    0.00000e+00    0.00000e+00    0.00000e+00    0.00000e+00    0.00000e+00    0.00000e+00    0.00000e+00    0.00000e+00    0.00000e+00    0.00000e+00    0.00000e+00    0.00000e+00    0.00000e+00    0.00000e+00    0.00000e+00    0.00000e+00    0.00000e+00    0.00000e+00    0.00000e+00    0.00000e+00    0.00000e+00    0.00000e+00    0.00000e+00    0.00000e+00    0.00000e+00    0.00000e+00    0.00000e+00    0.00000e+00    0.00000e+00
    9.53674e-07   -3.57628e-07    1.49012e-06   -3.93391e-06    3.21865e-06   -5.96046e-06   -6.97374e-06    9.17912e-06    1.51396e-05   -7.87973e-05    3.64780e-05   -1.78337e-04   -2.48194e-04   -4.03404e-04   -2.64168e-04   -3.24059e-03   -3.98254e-03    1.06812e-03    2.90298e-03   -5.16357e-02    4.89258e-01    0.00000e+00    0.00000e+00    0.00000e+00    0.00000e+00    0.00000e+00    0.00000e+00    0.00000e+00    0.00000e+00    0.00000e+00    0.00000e+00    0.00000e+00    0.00000e+00    0.00000e+00    0.00000e+00    0.00000e+00    0.00000e+00    0.00000e+00    0.00000e+00    0.00000e+00    0.00000e+00    0.00000e+00    0.00000e+00    0.00000e+00    0.00000e+00    0.00000e+00    0.00000e+00    0.00000e+00    0.00000e+00    0.00000e+00    0.00000e+00    0.00000e+00    0.00000e+00    0.00000e+00    0.00000e+00    0.00000e+00    0.00000e+00    0.00000e+00    0.00000e+00    0.00000e+00    0.00000e+00    0.00000e+00    0.00000e+00    0.00000e+00
   -1.78814e-07    5.96046e-08   -1.19209e-07    4.17233e-07   -1.78814e-07   -2.02656e-06   -5.54323e-06   -1.90735e-06   -3.69549e-06   -7.27177e-06    6.09159e-05    9.65595e-05   -1.45078e-04   -2.16722e-04    3.97682e-04    1.57356e-04   -8.87871e-04    1.09768e-03    8.41522e-03   -2.26212e-03   -4.07791e-03    5.46387e-01    0.00000e+00    0.00000e+00    0.00000e+00    0.00000e+00    0.00000e+00    0.00000e+00    0.00000e+00    0.00000e+00    0.00000e+00    0.00000e+00    0.00000e+00    0.00000e+00    0.00000e+00    0.00000e+00    0.00000e+00    0.00000e+00    0.00000e+00    0.00000e+00    0.00000e+00    0.00000e+00    0.00000e+00    0.00000e+00    0.00000e+00    0.00000e+00    0.00000e+00    0.00000e+00    0.00000e+00    0.00000e+00    0.00000e+00    0.00000e+00    0.00000e+00    0.00000e+00    0.00000e+00    0.00000e+00    0.00000e+00    0.00000e+00    0.00000e+00    0.00000e+00    0.00000e+00    0.00000e+00    0.00000e+00    0.00000e+00
    5.96046e-08   -0.00000e+00    1.19209e-07   -2.98023e-07   -7.15256e-07   -2.44379e-06   -5.96046e-08    3.75509e-06    4.41074e-06   -2.36630e-05   -1.44839e-05    4.04716e-05   -1.08719e-04   -3.73125e-04   -4.15802e-04   -6.02722e-04   -1.40548e-04    4.49419e-04   -1.04046e-03   -6.75201e-04    6.64902e-03   -1.38474e-02    5.12695e-01    0.00000e+00    0.00000e+00    0.00000e+00    0.00000e+00    0.00000e+00    0.00000e+00    0.00000e+00    0.00000e+00    0.00000e+00    0.00000e+00    0.00000e+00    0.00000e+00    0.00000e+00    0.00000e+00    0.00000e+00    0.00000e+00    0.00000e+00    0.00000e+00    0.00000e+00    0.00000e+00    0.00000e+00    0.00000e+00    0.00000e+00    0.00000e+00    0.00000e+00    0.00000e+00    0.00000e+00    0.00000e+00    0.00000e+00    0.00000e+00    0.00000e+00    0.00000e+00    0.00000e+00    0.00000e+00    0.00000e+00    0.00000e+00    0.00000e+00    0.00000e+00    0.00000e+00    0.00000e+00    0.00000e+00
    0.00000e+00   -0.00000e+00   -0.00000e+00    5.96046e-08    0.00000e+00    1.78814e-07    0.00000e+00   -3.57628e-07    2.38419e-07    5.36442e-07   -2.08616e-06    3.63588e-06   -4.64916e-06   -2.40207e-05   -1.70469e-05    5.44190e-05    2.77281e-04    1.44720e-04   -3.49283e-04   -2.88010e-04    7.72953e-04    6.49261e-03    9.08852e-04    1.66260e-01    0.00000e+00    0.00000e+00    0.00000e+00    0.00000e+00    0.00000e+00    0.00000e+00    0.00000e+00    0.00000e+00    0.00000e+00    0.00000e+00    0.00000e+00    0.00000e+00    0.00000e+00    0.00000e+00    0.00000e+00    0.00000e+00    0.00000e+00    0.00000e+00    0.00000e+00    0.00000e+00    0.00000e+00    0.00000e+00    0.00000e+00    0.00000e+00    0.00000e+00    0.00000e+00    0.00000e+00    0.00000e+00    0.00000e+00    0.00000e+00    0.00000e+00    0.00000e+00    0.00000e+00    0.00000e+00    0.00000e+00    0.00000e+00    0.00000e+00    0.00000e+00    0.00000e+00    0.00000e+00
    0.00000e+00   -0.00000e+00    0.00000e+00   -0.00000e+00    5.96046e-08    1.78814e-07   -1.78814e-07    2.98023e-07    5.36442e-07   -1.49012e-06   -0.00000e+00   -3.51667e-06    4.17233e-06   -6.86646e-05   -5.85914e-05   -1.20163e-04    2.45810e-04   -4.27961e-05   -3.83377e-04   -2.29073e-03   -6.78897e-05   -7.19833e-03   -2.22015e-03   -1.14288e-02    3.70117e-01    0.00000e+00    0.00000e+00    0.00000e+00    0.00000e+00    0.00000e+00    0.00000e+00    0.00000e+00    0.00000e+00    0.00000e+00    0.00000e+00    0.00000e+00    0.00000e+00    0.00000e+00    0.00000e+00    0.00000e+00    0.00000e+00    0.00000e+00    0.00000e+00    0.00000e+00    0.00000e+00    0.00000e+00    0.00000e+00    0.00000e+00    0.00000e+00    0.00000e+00    0.00000e+00    0.00000e+00    0.00000e+00    0.00000e+00    0.00000e+00    0.00000e+00    0.00000e+00    0.00000e+00    0.00000e+00    0.00000e+00    0.00000e+00    0.00000e+00    0.00000e+00    0.00000e+00
   -0.00000e+00    0.00000e+00   -0.00000e+00    5.96046e-08   -5.96046e-08    1.78814e-07    2.98023e-07   -2.98023e-07   -1.01328e-06   -8.34465e-07   -4.23193e-06   -7.09295e-06   -8.70228e-06   -3.62992e-05    1.31130e-05   -1.05202e-04   -3.57628e-07   -2.26498e-04    4.49657e-04   -1.41907e-03   -1.62840e-04   -1.13678e-03    1.20163e-02   -5.99289e-03    8.45337e-03    4.46289e-01    0.00000e+00    0.00000e+00    0.00000e+00    0.00000e+00    0.00000e+00    0.00000e+00    0.00000e+00    0.00000e+00    0.00000e+00    0.00000e+00    0.00000e+00    0.00000e+00    0.00000e+00    0.00000e+00    0.00000e+00    0.00000e+00    0.00000e+00    0.00000e+00    0.00000e+00    0.00000e+00    0.00000e+00    0.00000e+00    0.00000e+00    0.00000e+00    0.00000e+00    0.00000e+00    0.00000e+00    0.00000e+00    0.00000e+00    0.00000e+00    0.00000e+00    0.00000e+00    0.00000e+00    0.00000e+00    0.00000e+00    0.00000e+00    0.00000e+00    0.00000e+00
    0.00000e+00   -0.00000e+00    0.00000e+00   -0.00000e+00   -5.96046e-08   -0.00000e+00    0.00000e+00   -1.78814e-07    5.96046e-08   -4.76837e-07    2.14577e-06    5.72205e-06    8.46386e-06    3.12328e-05    2.57492e-05    9.63807e-05   -5.97239e-05    1.93715e-04   -1.82867e-04    1.76072e-04   -3.04699e-04   -1.47533e-03   -1.09386e-03    1.14441e-03    2.89917e-03   -4.13513e-02    6.74805e-01    0.00000e+00    0.00000e+00    0.00000e+00    0.00000e+00    0.00000e+00    0.00000e+00    0.00000e+00    0.00000e+00    0.00000e+00    0.00000e+00    0.00000e+00    0.00000e+00    0.00000e+00    0.00000e+00    0.00000e+00    0.00000e+00    0.00000e+00    0.00000e+00    0.00000e+00    0.00000e+00    0.00000e+00    0.00000e+00    0.00000e+00    0.00000e+00    0.00000e+00    0.00000e+00    0.00000e+00    0.00000e+00    0.00000e+00    0.00000e+00    0.00000e+00    0.00000e+00    0.00000e+00    0.00000e+00    0.00000e+00    0.00000e+00    0.00000e+00
   -0.00000e+00    0.00000e+00   -0.00000e+00    0.00000e+00   -0.00000e+00   -0.00000e+00   -0.00000e+00    0.00000e+00   -0.00000e+00    1.19209e-07    2.38419e-06    1.90735e-06    3.39746e-06   -1.54972e-06    2.38419e-07    1.87755e-05    2.90275e-05    8.98242e-05   -1.49012e-06   -1.65701e-04   -1.14346e-03    1.23978e-03   -1.96648e-03    4.41360e-03   -4.25339e-03    6.89316e-03   -6.87027e-03    5.42969e-01    0.00000e+00    0.00000e+00    0.00000e+00    0.00000e+00    0.00000e+00    0.00000e+00    0.00000e+00    0.00000e+00    0.00000e+00    0.00000e+00    0.00000e+00    0.00000e+00    0.00000e+00    0.00000e+00    0.00000e+00    0.00000e+00    0.00000e+00    0.00000e+00    0.00000e+00    0.00000e+00    0.00000e+00    0.00000e+00    0.00000e+00    0.00000e+00    0.00000e+00    0.00000e+00    0.00000e+00    0.00000e+00    0.00000e+00    0.00000e+00    0.00000e+00    0.00000e+00    0.00000e+00    0.00000e+00    0.00000e+00    0.00000e+00
   -0.00000e+00   -0.00000e+00    0.00000e+00   -0.00000e+00    0.00000e+00   -0.00000e+00   -0.00000e+00    5.96046e-08    5.96046e-08   -0.00000e+00   -2.98023e-07   -3.57628e-07   -1.25170e-06    1.66893e-06    2.98023e-07    1.79410e-05   -8.34465e-06    1.00136e-05   -5.04255e-05   -9.47714e-05   -7.16448e-05   -2.73228e-04   -4.46081e-04    3.45469e-04   -5.47791e-03   -1.08109e-02    1.66779e-02   -1.23119e-03    5.58594e-01    0.00000e+00    0.00000e+00    0.00000e+00    0.00000e+00    0.00000e+00    0.00000e+00    0.00000e+00    0.00000e+00    0.00000e+00    0.00000e+00    0.00000e+00    0.00000e+00    0.00000e+00    0.00000e+00    0.00000e+00    0.00000e+00    0.00000e+00    0.00000e+00    0.00000e+00    0.00000e+00    0.00000e+00    0.00000e+00    0.00000e+00    0.00000e+00    0.00000e+00    0.00000e+00    0.00000e+00    0.00000e+00    0.00000e+00    0.00000e+00    0.00000e+00    0.00000e+00    0.00000e+00    0.00000e+00    0.00000e+00
   -0.00000e+00    0.00000e+00   -0.00000e+00    0.00000e+00   -0.00000e+00    0.00000e+00    0.00000e+00   -0.00000e+00   -5.96046e-08   -5.96046e-08   -1.78814e-07   -4.17233e-07   -4.17233e-07   -4.76837e-07    3.15905e-06    4.64916e-06   -1.43051e-05   -4.41074e-06   -4.68493e-05    8.26120e-05   -7.83205e-05   -1.60933e-04    4.44174e-04   -8.16345e-04    3.59917e-03   -1.16539e-03    1.17722e-02   -1.66168e-02    2.04163e-02    6.19141e-01    0.00000e+00    0.00000e+00    0.00000e+00    0.00000e+00    0.00000e+00    0.00000e+00    0.00000e+00    0.00000e+00    0.00000e+00    0.00000e+00    0.00000e+00    0.00000e+00    0.00000e+00    0.00000e+00    0.00000e+00    0.00000e+00    0.00000e+00    0.00000e+00    0.00000e+00    0.00000e+00    0.00000e+00    0.00000e+00    0.00000e+00    0.00000e+00    0.00000e+00    0.00000e+00    0.00000e+00    0.00000e+00    0.00000e+00    0.00000e+00    0.00000e+00    0.00000e+00    0.00000e+00    0.00000e+00
    0.00000e+00   -0.00000e+00    0.00000e+00   -0.00000e+00    0.00000e+00   -0.00000e+00   -0.00000e+00    0.00000e+00    0.00000e+00   -0.00000e+00    1.19209e-07    1.78814e-07    2.98023e-07   -1.19209e-07    1.25170e-06   -1.19209e-07   -7.62939e-06    1.13249e-05    7.03335e-06   -1.85966e-05    1.11759e-04   -4.67896e-05   -7.02858e-04   -1.45316e-04   -2.68936e-03   -3.23534e-04   -6.12640e-03    1.59760e-02   -1.32599e-02   -4.00085e-02    6.41602e-01    0.00000e+00    0.00000e+00    0.00000e+00    0.00000e+00    0.00000e+00    0.00000e+00    0.00000e+00    0.00000e+00    0.00000e+00    0.00000e+00    0.00000e+00    0.00000e+00    0.00000e+00    0.00000e+00    0.00000e+00    0.00000e+00    0.00000e+00    0.00000e+00    0.00000e+00    0.00000e+00    0.00000e+00    0.00000e+00    0.00000e+00    0.00000e+00    0.00000e+00    0.00000e+00    0.00000e+00    0.00000e+00    0.00000e+00    0.00000e+00    0.00000e+00    0.00000e+00    0.00000e+00
    0.00000e+00    0.00000e+00    0.00000e+00   -0.00000e+00   -0.00000e+00   -0.00000e+00   -0.00000e+00    0.00000e+00    0.00000e+00   -5.96046e-08    0.00000e+00   -5.96046e-08    1.19209e-07   -2.98023e-07   -1.78814e-07   -3.57628e-07    3.51667e-06   -4.94719e-06    6.07967e-06   -8.22544e-06   -2.16961e-05    1.21534e-04    3.33786e-04    9.09567e-05   -5.34058e-04    2.77519e-04    3.39699e-03    2.40135e-03    1.39618e-02   -1.19972e-03   -1.51730e-03    5.59570e-01    0.00000e+00    0.00000e+00    0.00000e+00    0.00000e+00    0.00000e+00    0.00000e+00    0.00000e+00    0.00000e+00    0.00000e+00    0.00000e+00    0.00000e+00    0.00000e+00    0.00000e+00    0.00000e+00    0.00000e+00    0.00000e+00    0.00000e+00    0.00000e+00    0.00000e+00    0.00000e+00    0.00000e+00    0.00000e+00    0.00000e+00    0.00000e+00    0.00000e+00    0.00000e+00    0.00000e+00    0.00000e+00    0.00000e+00    0.00000e+00    0.00000e+00    0.00000e+00
   -0.00000e+00    0.00000e+00   -0.00000e+00    0.00000e+00    0.00000e+00    0.00000e+00    0.00000e+00    0.00000e+00    0.00000e+00   -0.00000e+00    0.00000e+00    0.00000e+00    1.78814e-07   -4.17233e-07   -0.00000e+00   -7.15256e-07    3.51667e-06   -2.80142e-06    1.15037e-05   -7.92742e-06    2.16365e-05    4.97699e-05   -6.68168e-05    2.12193e-04   -2.09808e-04    7.74384e-04   -1.05953e-03   -2.31934e-03   -6.31809e-04   -3.89290e-03   -1.38321e-02   -2.24762e-02    1.00000e+00    0.00000e+00    0.00000e+00    0.00000e+00    0.00000e+00    0.00000e+00    0.00000e+00    0.00000e+00    0.00000e+00    0.00000e+00    0.00000e+00    0.00000e+00    0.00000e+00    0.00000e+00    0.00000e+00    0.00000e+00    0.00000e+00    0.00000e+00    0.00000e+00    0.00000e+00    0.00000e+00    0.00000e+00    0.00000e+00    0.00000e+00    0.00000e+00    0.00000e+00    0.00000e+00    0.00000e+00    0.00000e+00    0.00000e+00    0.00000e+00    0.00000e+00
    0.00000e+00   -0.00000e+00   -0.00000e+00    0.00000e+00    0.00000e+00    0.00000e+00   -0.00000e+00   -0.00000e+00   -0.00000e+00    0.00000e+00   -0.00000e+00   -0.00000e+00   -5.96046e-08    1.19209e-07   -5.96046e-08    0.00000e+00   -1.07288e-06    1.19209e-06    1.72853e-06    3.21865e-06    2.87890e-05    4.61340e-05   -4.63128e-05   -2.46763e-05    1.14739e-04   -7.62343e-05    4.03881e-04   -2.32100e-04   -1.35541e-04    1.60980e-03   -8.91876e-03   -3.33595e-03   -3.54004e-02    1.00000e+00    0.00000e+00    0.00000e+00    0.00000e+00    0.00000e+00    0.00000e+00    0.00000e+00    0.00000e+00    0.00000e+00    0.00000e+00    0.00000e+00    0.00000e+00    0.00000e+00    0.00000e+00    0.00000e+00    0.00000e+00    0.00000e+00    0.00000e+00    0.00000e+00    0.00000e+00    0.00000e+00    0.00000e+00    0.00000e+00    0.00000e+00    0.00000e+00    0.00000e+00    0.00000e+00    0.00000e+00    0.00000e+00    0.00000e+00    0.00000e+00
    0.00000e+00   -0.00000e+00    0.00000e+00    0.00000e+00    0.00000e+00    0.00000e+00   -0.00000e+00    0.00000e+00    0.00000e+00   -0.00000e+00    0.00000e+00    0.00000e+00    5.96046e-08   -5.96046e-08    5.96046e-08   -1.78814e-07    5.36442e-07   -4.17233e-07    2.56300e-06   -1.19209e-06   -3.51667e-06   -1.25170e-06   -2.94447e-05   -2.69413e-05   -7.06315e-05   -4.79817e-05   -2.46763e-04    6.39915e-04    1.48487e-03   -2.03514e-03    9.80377e-03    3.31688e-03   -1.52874e-03    2.67487e-02    1.00000e+00    0.00000e+00    0.00000e+00    0.00000e+00    0.00000e+00    0.00000e+00    0.00000e+00    0.00000e+00    0.00000e+00    0.00000e+00    0.00000e+00    0.00000e+00    0.00000e+00    0.00000e+00    0.00000e+00    0.00000e+00    0.00000e+00    0.00000e+00    0.00000e+00    0.00000e+00    0.00000e+00    0.00000e+00    0.00000e+00    0.00000e+00    0.00000e+00    0.00000e+00    0.00000e+00    0.00000e+00    0.00000e+00    0.00000e+00
   -0.00000e+00    0.00000e+00   -0.00000e+00    0.00000e+00    0.00000e+00    0.00000e+00   -0.00000e+00    0.00000e+00    0.00000e+00   -0.00000e+00    0.00000e+00   -0.00000e+00   -0.00000e+00    0.00000e+00   -0.00000e+00   -5.96046e-08    1.19209e-07   -1.19209e-07    1.19209e-07   -5.96046e-08   -3.75509e-06    3.99351e-06    1.42455e-05   -2.99215e-05    1.19150e-04   -2.02656e-04    3.05176e-05   -5.00083e-05    4.62532e-04   -1.34850e-03   -2.69508e-03    2.81715e-03    1.04370e-02    3.18909e-02   -1.69525e-02    1.00000e+00    0.00000e+00    0.00000e+00    0.00000e+00    0.00000e+00    0.00000e+00    0.00000e+00    0.00000e+00    0.00000e+00    0.00000e+00    0.00000e+00    0.00000e+00    0.00000e+00    0.00000e+00    0.00000e+00    0.00000e+00    0.00000e+00    0.00000e+00    0.00000e+00    0.00000e+00    0.00000e+00    0.00000e+00    0.00000e+00    0.00000e+00    0.00000e+00    0.00000e+00    0.00000e+00    0.00000e+00    0.00000e+00
   -0.00000e+00    0.00000e+00   -0.00000e+00   -0.00000e+00   -0.00000e+00   -0.00000e+00    0.00000e+00    0.00000e+00   -0.00000e+00   -0.00000e+00   -0.00000e+00   -0.00000e+00    0.00000e+00   -0.00000e+00   -0.00000e+00   -0.00000e+00    5.96046e-08   -5.96046e-08    1.19209e-07    1.78814e-07    6.55651e-07    2.62260e-06   -7.74860e-07    8.94070e-07    1.52588e-05   -2.38419e-06   -2.62260e-05    1.55568e-05   -7.96318e-05    1.90735e-04   -7.16686e-04   -3.24488e-04   -1.37901e-03   -1.15573e-04    4.02069e-03   -9.34601e-03    1.00000e+00    0.00000e+00    0.00000e+00    0.00000e+00    0.00000e+00    0.00000e+00    0.00000e+00    0.00000e+00    0.00000e+00    0.00000e+00    0.00000e+00    0.00000e+00    0.00000e+00    0.00000e+00    0.00000e+00    0.00000e+00    0.00000e+00    0.00000e+00    0.00000e+00    0.00000e+00    0.00000e+00    0.00000e+00    0.00000e+00    0.00000e+00    0.00000e+00    0.00000e+00    0.00000e+00    0.00000e+00
   -0.00000e+00    0.00000e+00   -0.00000e+00    0.00000e+00   -0.00000e+00    0.00000e+00    0.00000e+00   -0.00000e+00    0.00000e+00    0.00000e+00    0.00000e+00    0.00000e+00    0.00000e+00    0.00000e+00    0.00000e+00   -0.00000e+00   -0.00000e+00    1.78814e-07    1.19209e-07   -4.17233e-07    7.15256e-07    2.98023e-06   -1.13249e-05    5.54323e-06   -1.97291e-05    8.34465e-06   -2.29478e-05    3.98159e-05   -3.03030e-04    6.78062e-04   -2.11525e-03   -3.99828e-04   -5.65720e-03    8.81195e-04    1.50375e-02    3.28445e-03    2.25830e-02    1.00000e+00    0.00000e+00    0.00000e+00    0.00000e+00    0.00000e+00    0.00000e+00    0.00000e+00    0.00000e+00    0.00000e+00    0.00000e+00    0.00000e+00    0.00000e+00    0.00000e+00    0.00000e+00    0.00000e+00    0.00000e+00    0.00000e+00    0.00000e+00    0.00000e+00    0.00000e+00    0.00000e+00    0.00000e+00    0.00000e+00    0.00000e+00    0.00000e+00    0.00000e+00    0.00000e+00
   -0.00000e+00    0.00000e+00   -0.00000e+00    0.00000e+00   -0.00000e+00   -0.00000e+00    0.00000e+00    0.00000e+00   -0.00000e+00   -0.00000e+00    0.00000e+00    0.00000e+00    0.00000e+00    0.00000e+00   -0.00000e+00    0.00000e+00   -0.00000e+00   -5.96046e-08    0.00000e+00    5.96046e-08    4.76837e-07    1.60933e-06   -2.38419e-06    1.25170e-06    4.05312e-06   -3.15905e-06    1.72257e-05    8.58307e-05    7.32541e-05    1.66893e-04   -3.38554e-05    4.16994e-04   -2.39372e-03   -1.52397e-03   -6.74820e-03    5.31006e-03   -5.48840e-04    3.63464e-02    1.00000e+00    0.00000e+00    0.00000e+00    0.00000e+00    0.00000e+00    0.00000e+00    0.00000e+00    0.00000e+00    0.00000e+00    0.00000e+00    0.00000e+00    0.00000e+00    0.00000e+00    0.00000e+00    0.00000e+00    0.00000e+00    0.00000e+00    0.00000e+00    0.00000e+00    0.00000e+00    0.00000e+00    0.00000e+00    0.00000e+00    0.00000e+00    0.00000e+00    0.00000e+00
    0.00000e+00   -0.00000e+00    0.00000e+00   -0.00000e+00    0.00000e+00   -0.00000e+00   -0.00000e+00    0.00000e+00    0.00000e+00   -0.00000e+00   -0.00000e+00    0.00000e+00   -0.00000e+00   -0.00000e+00    0.00000e+00   -0.00000e+00   -0.00000e+00    0.00000e+00    0.00000e+00    0.00000e+00    1.78814e-07    3.57628e-07   -8.34465e-07   -4.76837e-07    3.57628e-06   -1.19209e-07   -8.76188e-06    1.13249e-05    1.28150e-05    9.60827e-05   -4.13895e-04   -6.55651e-07   -7.48634e-04   -9.16958e-04    5.20706e-04   -8.77380e-04   -2.76947e-03   -2.07710e-03   -9.73511e-03    1.00000e+00    0.00000e+00    0.00000e+00    0.00000e+00    0.00000e+00    0.00000e+00    0.00000e+00    0.00000e+00    0.00000e+00    0.00000e+00    0.00000e+00    0.00000e+00    0.00000e+00    0.00000e+00    0.00000e+00    0.00000e+00    0.00000e+00    0.00000e+00    0.00000e+00    0.00000e+00    0.00000e+00    0.00000e+00    0.00000e+00    0.00000e+00    0.00000e+00
    0.00000e+00   -0.00000e+00    0.00000e+00   -0.00000e+00    0.00000e+00   -0.00000e+00   -0.00000e+00    0.00000e+00    0.00000e+00    0.00000e+00    0.00000e+00    0.00000e+00   -0.00000e+00    0.00000e+00   -0.00000e+00   -0.00000e+00    0.00000e+00    0.00000e+00    0.00000e+00   -0.00000e+00    0.00000e+00    5.96046e-08   -1.78814e-07    5.96046e-08    5.96046e-07   -5.96046e-08   -1.78814e-06   -8.94070e-07   -5.90086e-06    3.27826e-06   -1.46627e-05    2.14577e-06    7.59959e-05   -4.94719e-05    2.55823e-04    9.77516e-04    1.10912e-03   -5.12123e-04    3.79372e-03    9.36127e-03    1.00000e+00    0.00000e+00    0.00000e+00    0.00000e+00    0.00000e+00    0.00000e+00    0.00000e+00    0.00000e+00    0.00000e+00    0.00000e+00    0.00000e+00    0.00000e+00    0.00000e+00    0.00000e+00    0.00000e+00    0.00000e+00    0.00000e+00    0.00000e+00    0.00000e+00    0.00000e+00    0.00000e+00    0.00000e+00    0.00000e+00    0.00000e+00
   -0.00000e+00    0.00000e+00   -0.00000e+00    0.00000e+00    0.00000e+00   -0.00000e+00    0.00000e+00   -0.00000e+00   -0.00000e+00    0.00000e+00   -0.00000e+00   -0.00000e+00   -0.00000e+00   -0.00000e+00   -0.00000e+00   -0.00000e+00   -0.00000e+00    0.00000e+00   -0.00000e+00    0.00000e+00   -0.00000e+00   -5.96046e-08    5.96046e-08   -1.78814e-07    1.78814e-07    4.76837e-07   -4.76837e-07   -3.03984e-06    2.98023e-06   -7.68900e-06   -1.60933e-05   -1.44839e-05   -1.99080e-05    2.89917e-04   -1.84417e-04    3.70026e-04    2.23732e-03    1.32179e-03    1.71185e-03    4.37164e-03    1.29223e-03    1.00000e+00    0.00000e+00    0.00000e+00    0.00000e+00    0.00000e+00    0.00000e+00    0.00000e+00    0.00000e+00    0.00000e+00    0.00000e+00    0.00000e+00    0.00000e+00    0.00000e+00    0.00000e+00    0.00000e+00    0.00000e+00    0.00000e+00    0.00000e+00    0.00000e+00    0.00000e+00    0.00000e+00    0.00000e+00    0.00000e+00
   -0.00000e+00   -0.00000e+00    0.00000e+00    0.00000e+00   -0.00000e+00    0.00000e+00   -0.00000e+00    0.00000e+00    0.00000e+00    0.00000e+00    0.00000e+00    0.00000e+00    0.00000e+00    0.00000e+00   -0.00000e+00    0.00000e+00   -0.00000e+00   -0.00000e+00   -0.00000e+00   -0.00000e+00   -0.00000e+00   -5.96046e-08    5.96046e-08   -5.96046e-08    5.96046e-08    3.57628e-07    1.19209e-07   -5.60284e-06   -7.51019e-06    1.14441e-05   -1.25170e-06   -6.77109e-05    6.00815e-05   -1.80364e-04    6.56247e-05   -1.23405e-03   -3.70979e-03   -6.24061e-05   -7.05719e-03   -9.78851e-03   -6.29807e-03    2.92969e-02    1.00000e+00    0.00000e+00    0.00000e+00    0.00000e+00    0.00000e+00    0.00000e+00    0.00000e+00    0.00000e+00    0.00000e+00    0.00000e+00    0.00000e+00    0.00000e+00    0.00000e+00    0.00000e+00    0.00000e+00    0.00000e+00    0.00000e+00    0.00000e+00    0.00000e+00    0.00000e+00    0.00000e+00    0.00000e+00
    0.00000e+00   -0.00000e+00    0.00000e+00   -0.00000e+00   -0.00000e+00    0.00000e+00   -0.00000e+00    0.00000e+00   -0.00000e+00   -0.00000e+00    0.00000e+00    0.00000e+00   -0.00000e+00   -0.00000e+00   -0.00000e+00   -0.00000e+00    0.00000e+00   -0.00000e+00   -0.00000e+00   -0.00000e+00    0.00000e+00   -0.00000e+00   -0.00000e+00   -0.00000e+00    1.19209e-07    1.78814e-07   -1.78814e-07   -7.74860e-07   -4.94719e-06    4.88758e-06   -3.09944e-05   -2.02656e-05    4.30346e-05   -5.96046e-06    7.76649e-05   -1.12653e-05   -5.76973e-04   -6.61612e-05    4.09698e-03   -1.21784e-03    1.95312e-03    6.93893e-03   -2.74506e-02    1.00000e+00    0.00000e+00    0.00000e+00    0.00000e+00    0.00000e+00    0.00000e+00    0.00000e+00    0.00000e+00    0.00000e+00    0.00000e+00    0.00000e+00    0.00000e+00    0.00000e+00    0.00000e+00    0.00000e+00    0.00000e+00    0.00000e+00    0.00000e+00    0.00000e+00    0.00000e+00    0.00000e+00
   -0.00000e+00    0.00000e+00   -0.00000e+00    0.00000e+00   -0.00000e+00    0.00000e+00    0.00000e+00   -0.00000e+00    0.00000e+00    0.00000e+00   -0.00000e+00   -0.00000e+00   -0.00000e+00   -0.00000e+00    0.00000e+00    0.00000e+00   -0.00000e+00    0.00000e+00   -0.00000e+00   -0.00000e+00   -0.00000e+00   -0.00000e+00    5.96046e-08    0.00000e+00    0.00000e+00    2.98023e-07   -1.19209e-07    4.76837e-07   -4.64916e-06    2.92063e-06    4.21405e-05    6.61612e-06   -6.69360e-05   -1.86086e-04   -1.38521e-04   -2.48432e-04   -1.44958e-04   -3.66926e-04   -6.13785e-03   -6.24084e-03   -5.65338e-03    1.55411e-02   -1.10817e-03    3.04031e-03    1.00000e+00    0.00000e+00    0.00000e+00    0.00000e+00    0.00000e+00    0.00000e+00    0.00000e+00    0.00000e+00    0.00000e+00    0.00000e+00    0.00000e+00    0.00000e+00    0.00000e+00    0.00000e+00    0.00000e+00    0.00000e+00    0.00000e+00    0.00000e+00    0.00000e+00    0.00000e+00
    0.00000e+00   -0.00000e+00    0.00000e+00   -0.00000e+00   -0.00000e+00    0.00000e+00    0.00000e+00    0.00000e+00    0.00000e+00   -0.00000e+00    0.00000e+00    0.00000e+00    0.00000e+00    0.00000e+00   -0.00000e+00    0.00000e+00    0.00000e+00    0.00000e+00    0.00000e+00   -0.00000e+00    0.00000e+00   -0.00000e+00   -0.00000e+00    0.00000e+00   -5.96046e-08    0.00000e+00   -0.00000e+00   -1.78814e-07   -2.38419e-07    1.19209e-06   -1.78814e-06    1.31130e-06    3.33786e-06    9.53674e-07   -1.06692e-05   -1.00672e-04   -1.52588e-04   -2.62976e-04   -1.80483e-04   -9.06944e-04    6.74248e-04    2.01607e-03   -4.10461e-03   -1.02844e-02    1.55411e-02    1.00000e+00    0.00000e+00    0.00000e+00    0.00000e+00    0.00000e+00    0.00000e+00    0.00000e+00    0.00000e+00    0.00000e+00    0.00000e+00    0.00000e+00    0.00000e+00    0.00000e+00    0.00000e+00    0.00000e+00    0.00000e+00    0.00000e+00    0.00000e+00    0.00000e+00
    0.00000e+00    0.00000e+00   -0.00000e+00   -0.00000e+00    0.00000e+00   -0.00000e+00    0.00000e+00   -0.00000e+00   -0.00000e+00   -0.00000e+00    0.00000e+00    0.00000e+00   -0.00000e+00   -0.00000e+00   -0.00000e+00   -0.00000e+00    0.00000e+00   -0.00000e+00   -0.00000e+00   -0.00000e+00   -0.00000e+00   -0.00000e+00   -0.00000e+00    0.00000e+00   -5.96046e-08    0.00000e+00   -5.96046e-08    2.38419e-07   -2.38419e-07    4.17233e-07   -8.88109e-06    1.66893e-06    1.50800e-05    4.62532e-05   -4.22001e-05    6.21676e-05    1.74999e-04    1.48416e-04    8.31604e-04    1.03855e-03    4.93526e-04    3.06129e-04    1.40305e-02   -4.87900e-03    1.13297e-02   -6.30493e-02    1.00000e+00    0.00000e+00    0.00000e+00    0.00000e+00    0.00000e+00    0.00000e+00    0.00000e+00    0.00000e+00    0.00000e+00    0.00000e+00    0.00000e+00    0.00000e+00    0.00000e+00    0.00000e+00    0.00000e+00    0.00000e+00    0.00000e+00    0.00000e+00
    0.00000e+00    0.00000e+00   -0.00000e+00   -0.00000e+00   -0.00000e+00    0.00000e+00    0.00000e+00   -0.00000e+00   -0.00000e+00   -0.00000e+00   -0.00000e+00   -0.00000e+00   -0.00000e+00   -0.00000e+00    0.00000e+00   -0.00000e+00   -0.00000e+00   -0.00000e+00   -0.00000e+00    0.00000e+00   -0.00000e+00   -0.00000e+00   -0.00000e+00    0.00000e+00   -0.00000e+00    0.00000e+00    5.96046e-08    5.96046e-08    4.76837e-07    5.96046e-08   -1.19209e-06   -1.78814e-07    2.08616e-06    1.10269e-05    1.54972e-05    1.25766e-05    2.98023e-06    2.73585e-05    1.52707e-04    3.32832e-04    1.04141e-03   -1.42479e-03   -9.28879e-04   -6.61850e-03    1.01624e-02    5.26047e-03   -3.68958e-02    1.00000e+00    0.00000e+00    0.00000e+00    0.00000e+00    0.00000e+00    0.00000e+00    0.00000e+00    0.00000e+00    0.00000e+00    0.00000e+00    0.00000e+00    0.00000e+00    0.00000e+00    0.00000e+00    0.00000e+00    0.00000e+00    0.00000e+00
    0.00000e+00    0.00000e+00   -0.00000e+00   -0.00000e+00   -0.00000e+00   -0.00000e+00   -0.00000e+00   -0.00000e+00    0.00000e+00   -0.00000e+00   -0.00000e+00   -0.00000e+00   -0.00000e+00    0.00000e+00    0.00000e+00    0.00000e+00    0.00000e+00    0.00000e+00   -0.00000e+00   -0.00000e+00    0.00000e+00    0.00000e+00   -0.00000e+00    0.00000e+00   -0.00000e+00   -0.00000e+00    0.00000e+00   -0.00000e+00   -5.96046e-08   -0.00000e+00   -2.38419e-07    5.36442e-07   -5.96046e-08   -7.74860e-07   -1.90735e-06    4.17233e-06   -5.66244e-06   -3.24249e-05    4.55379e-05   -1.47223e-04    5.34534e-04   -1.91808e-04   -2.81572e-04   -1.27554e-05   -1.60980e-03   -9.21726e-04   -5.22995e-03   -5.06210e-03    1.00000e+00    0.00000e+00    0.00000e+00    0.00000e+00    0.00000e+00    0.00000e+00    0.00000e+00    0.00000e+00    0.00000e+00    0.00000e+00    0.00000e+00    0.00000e+00    0.00000e+00    0.00000e+00    0.00000e+00    0.00000e+00
   -0.00000e+00   -0.00000e+00    0.00000e+00    0.00000e+00    0.00000e+00    0.00000e+00   -0.00000e+00   -0.00000e+00    0.00000e+00    0.00000e+00    0.00000e+00    0.00000e+00   -0.00000e+00   -0.00000e+00    0.00000e+00   -0.00000e+00   -0.00000e+00    0.00000e+00    0.00000e+00   -0.00000e+00    0.00000e+00    0.00000e+00   -0.00000e+00    0.00000e+00   -0.00000e+00    0.00000e+00   -0.00000e+00    0.00000e+00    1.19209e-07   -0.00000e+00    8.34465e-07   -2.38419e-07   -3.57628e-07   -1.13249e-06    4.82798e-06   -3.57628e-06   -3.45707e-06   -1.37091e-06   -4.09484e-05   -1.23620e-04    2.78234e-04   -7.79152e-04    9.84192e-04   -6.32763e-04    1.30463e-03   -1.48296e-04   -8.02612e-03    2.97699e-02   -2.55585e-03    1.00000e+00    0.00000e+00    0.00000e+00    0.00000e+00    0.00000e+00    0.00000e+00    0.00000e+00    0.00000e+00    0.00000e+00    0.00000e+00    0.00000e+00    0.00000e+00    0.00000e+00    0.00000e+00    0.00000e+00
   -0.00000e+00    0.00000e+00   -0.00000e+00    0.00000e+00    0.00000e+00   -0.00000e+00    0.00000e+00   -0.00000e+00   -0.00000e+00   -0.00000e+00   -0.00000e+00   -0.00000e+00   -0.00000e+00   -0.00000e+00    0.00000e+00    0.00000e+00   -0.00000e+00   -0.00000e+00    0.00000e+00    0.00000e+00    0.00000e+00    0.00000e+00    0.00000e+00    0.00000e+00    0.00000e+00    0.00000e+00   -0.00000e+00   -0.00000e+00    0.00000e+00   -0.00000e+00   -0.00000e+00   -5.96046e-08    5.96046e-08   -2.98023e-07   -1.31130e-06   -8.34465e-07    3.45707e-06    9.53674e-07   -1.07884e-05    4.76837e-07    9.24468e-05    1.37448e-04    1.75238e-04   -1.95026e-04    1.77097e-03    3.93391e-04    2.44141e-03   -5.79453e-03   -6.05774e-03   -2.61383e-02    1.00000e+00    0.00000e+00    0.00000e+00    0.00000e+00    0.00000e+00    0.00000e+00    0.00000e+00    0.00000e+00    0.00000e+00    0.00000e+00    0.00000e+00    0.00000e+00    0.00000e+00    0.00000e+00
    0.00000e+00   -0.00000e+00    0.00000e+00    0.00000e+00   -0.00000e+00    0.00000e+00    0.00000e+00   -0.00000e+00    0.00000e+00    0.00000e+00    0.00000e+00    0.00000e+00   -0.00000e+00   -0.00000e+00    0.00000e+00    0.00000e+00   -0.00000e+00    0.00000e+00    0.00000e+00   -0.00000e+00    0.00000e+00   -0.00000e+00   -0.00000e+00    0.00000e+00   -0.00000e+00   -0.00000e+00   -0.00000e+00    0.00000e+00   -0.00000e+00   -0.00000e+00    0.00000e+00    1.78814e-07   -1.19209e-07   -1.78814e-07   -5.36442e-07    2.38419e-07    7.74860e-07    1.72853e-06    8.28505e-06   -9.95398e-06    7.28369e-05   -6.94394e-05    3.57032e-05   -6.24061e-05   -2.24590e-04   -8.86917e-04    9.33647e-04    2.85912e-03    5.33462e-05   -1.54800e-02   -5.32627e-04    1.00000e+00    0.00000e+00    0.00000e+00    0.00000e+00    0.00000e+00    0.00000e+00    0.00000e+00    0.00000e+00    0.00000e+00    0.00000e+00    0.00000e+00    0.00000e+00    0.00000e+00
   -0.00000e+00    0.00000e+00    0.00000e+00    0.00000e+00    0.00000e+00   -0.00000e+00   -0.00000e+00    0.00000e+00    0.00000e+00   -0.00000e+00   -0.00000e+00   -0.00000e+00   -0.00000e+00   -0.00000e+00    0.00000e+00   -0.00000e+00    0.00000e+00   -0.00000e+00   -0.00000e+00    0.00000e+00   -0.00000e+00    0.00000e+00    0.00000e+00    0.00000e+00   -0.00000e+00    0.00000e+00   -0.00000e+00   -0.00000e+00   -0.00000e+00    0.00000e+00    5.96046e-08   -0.00000e+00   -1.19209e-07   -5.96046e-08   -5.36442e-07   -1.19209e-06   -5.96046e-07   -2.08616e-06   -2.03252e-05   -1.16229e-05   -4.16636e-05   -2.10404e-05    4.83394e-05   -8.76784e-05    7.86781e-05    1.29604e-03    1.69373e-03   -1.60694e-03    1.55258e-03   -3.81851e-03   -5.31006e-03   -1.81580e-02    1.00000e+00    0.00000e+00    0.00000e+00    0.00000e+00    0.00000e+00    0.00000e+00    0.00000e+00    0.00000e+00    0.00000e+00    0.00000e+00    0.00000e+00    0.00000e+00
    0.00000e+00    0.00000e+00    0.00000e+00   -0.00000e+00    0.00000e+00   -0.00000e+00    0.00000e+00   -0.00000e+00   -0.00000e+00    0.00000e+00    0.00000e+00    0.00000e+00    0.00000e+00    0.00000e+00   -0.00000e+00   -0.00000e+00   -0.00000e+00   -0.00000e+00    0.00000e+00    0.00000e+00   -0.00000e+00    0.00000e+00    0.00000e+00   -0.00000e+00    0.00000e+00    0.00000e+00   -0.00000e+00   -0.00000e+00   -0.00000e+00   -0.00000e+00    0.00000e+00   -0.00000e+00    5.96046e-08    1.19209e-07    5.96046e-08   -1.78814e-07    1.78814e-07    1.01328e-06    1.84774e-06    6.49691e-06   -3.99351e-06    4.79817e-05    7.99894e-05    9.82881e-05   -1.13487e-04   -5.77569e-05    5.06639e-06    2.60735e-03    1.72424e-03    8.76427e-04   -6.46973e-03    1.94550e-02    2.16675e-02    1.00000e+00    0.00000e+00    0.00000e+00    0.00000e+00    0.00000e+00    0.00000e+00    0.00000e+00    0.00000e+00    0.00000e+00    0.00000e+00    0.00000e+00
   -0.00000e+00   -0.00000e+00    0.00000e+00    0.00000e+00   -0.00000e+00    0.00000e+00   -0.00000e+00    0.00000e+00   -0.00000e+00   -0.00000e+00   -0.00000e+00   -0.00000e+00   -0.00000e+00   -0.00000e+00    0.00000e+00   -0.00000e+00    0.00000e+00   -0.00000e+00   -0.00000e+00    0.00000e+00   -0.00000e+00   -0.00000e+00   -0.00000e+00    0.00000e+00    0.00000e+00   -0.00000e+00    0.00000e+00    0.00000e+00    0.00000e+00    0.00000e+00   -0.00000e+00   -0.00000e+00   -5.96046e-08   -0.00000e+00    1.19209e-07   -1.19209e-07   -5.96046e-08    3.03984e-06   -3.51667e-06    2.01464e-05   -6.03795e-05    6.76513e-05   -5.31673e-05   -4.75645e-05   -7.93934e-05   -4.69685e-05    3.35574e-05    2.73705e-04    4.36068e-04    6.75964e-03   -2.35939e-03    1.17264e-02   -2.21710e-02    1.46637e-02    1.00000e+00    0.00000e+00    0.00000e+00    0.00000e+00    0.00000e+00    0.00000e+00    0.00000e+00    0.00000e+00    0.00000e+00    0.00000e+00
    0.00000e+00    0.00000e+00   -0.00000e+00   -0.00000e+00   -0.00000e+00    0.00000e+00    0.00000e+00   -0.00000e+00    0.00000e+00   -0.00000e+00   -0.00000e+00   -0.00000e+00   -0.00000e+00    0.00000e+00   -0.00000e+00   -0.00000e+00    0.00000e+00   -0.00000e+00   -0.00000e+00    0.00000e+00   -0.00000e+00   -0.00000e+00    0.00000e+00    0.00000e+00   -0.00000e+00   -0.00000e+00    0.00000e+00    0.00000e+00    0.00000e+00   -0.00000e+00   -0.00000e+00    0.00000e+00    0.00000e+00    0.00000e+00   -5.96046e-08    0.00000e+00   -0.00000e+00   -2.38419e-07    1.43051e-06   -4.88758e-06    7.68900e-06   -3.09944e-06    1.64509e-05    3.17693e-05    2.39611e-05    8.01086e-05    1.47820e-05    2.45333e-04    1.05858e-04   -2.61116e-03   -2.22969e-03    2.55966e-03    5.27954e-03    3.30925e-03    4.02451e-03    1.00000e+00    0.00000e+00    0.00000e+00    0.00000e+00    0.00000e+00    0.00000e+00    0.00000e+00    0.00000e+00    0.00000e+00
    0.00000e+00    0.00000e+00   -0.00000e+00   -0.00000e+00   -0.00000e+00   -0.00000e+00    0.00000e+00   -0.00000e+00    0.00000e+00   -0.00000e+00    0.00000e+00    0.00000e+00    0.00000e+00    0.00000e+00   -0.00000e+00   -0.00000e+00    0.00000e+00   -0.00000e+00   -0.00000e+00    0.00000e+00   -0.00000e+00   -0.00000e+00    0.00000e+00    0.00000e+00   -0.00000e+00    0.00000e+00    0.00000e+00    0.00000e+00    0.00000e+00   -0.00000e+00    0.00000e+00    0.00000e+00    0.00000e+00    0.00000e+00   -5.96046e-08    5.96046e-08   -1.19209e-07   -2.38419e-07    1.01328e-06   -3.81470e-06    7.68900e-06   -5.90086e-06    1.18613e-05   -4.29153e-06    5.18560e-06   -1.76430e-05   -3.98755e-05    6.66976e-05    2.10166e-04    1.07288e-03   -1.71566e-03    3.45707e-04   -1.02139e-03    4.42123e-03   -1.91650e-02    2.67181e-02    1.00000e+00    0.00000e+00    0.00000e+00    0.00000e+00    0.00000e+00    0.00000e+00    0.00000e+00    0.00000e+00
   -0.00000e+00   -0.00000e+00    0.00000e+00    0.00000e+00    0.00000e+00   -0.00000e+00   -0.00000e+00    0.00000e+00   -0.00000e+00    0.00000e+00   -0.00000e+00   -0.00000e+00   -0.00000e+00   -0.00000e+00    0.00000e+00   -0.00000e+00   -0.00000e+00    0.00000e+00   -0.00000e+00   -0.00000e+00    0.00000e+00    0.00000e+00   -0.00000e+00    0.00000e+00    0.00000e+00   -0.00000e+00   -0.00000e+00   -0.00000e+00   -0.00000e+00    0.00000e+00   -0.00000e+00   -0.00000e+00   -0.00000e+00   -0.00000e+00    0.00000e+00    5.96046e-08   -5.96046e-08   -1.19209e-07    1.19209e-07    5.96046e-08    2.38419e-06   -5.96046e-07    1.49012e-06   -1.13845e-05    1.15633e-05   -9.41753e-06   -1.30534e-05    2.02656e-06    9.53674e-07    5.86987e-04    5.56111e-05   -2.47240e-04    3.42369e-03    1.25599e-03   -7.25555e-03    2.85034e-02    5.83172e-04    1.00000e+00    0.00000e+00    0.00000e+00    0.00000e+00    0.00000e+00    0.00000e+00    0.00000e+00
   -0.00000e+00   -0.00000e+00    0.00000e+00    0.00000e+00    0.00000e+00    0.00000e+00   -0.00000e+00    0.00000e+00   -0.00000e+00    0.00000e+00   -0.00000e+00   -0.00000e+00   -0.00000e+00   -0.00000e+00    0.00000e+00    0.00000e+00   -0.00000e+00    0.00000e+00    0.00000e+00   -0.00000e+00    0.00000e+00   -0.00000e+00   -0.00000e+00   -0.00000e+00   -0.00000e+00   -0.00000e+00   -0.00000e+00   -0.00000e+00    0.00000e+00   -0.00000e+00   -0.00000e+00   -0.00000e+00    0.00000e+00    0.00000e+00    0.00000e+00   -0.00000e+00    5.96046e-08   -0.00000e+00   -0.00000e+00    8.34465e-07   -1.07288e-06    4.17233e-07   -2.44379e-06    2.14577e-06   -3.51667e-06    3.57628e-06    3.21865e-06    8.13603e-05   -8.00490e-05   -5.42402e-05    2.05517e-04   -8.27789e-04   -1.23596e-03    3.45612e-03    1.41716e-03    1.34354e-02    7.36618e-03   -2.47498e-02    1.00000e+00    0.00000e+00    0.00000e+00    0.00000e+00    0.00000e+00    0.00000e+00
   -0.00000e+00    0.00000e+00    0.00000e+00    0.00000e+00   -0.00000e+00   -0.00000e+00   -0.00000e+00    0.00000e+00   -0.00000e+00   -0.00000e+00   -0.00000e+00   -0.00000e+00   -0.00000e+00   -0.00000e+00   -0.00000e+00   -0.00000e+00    0.00000e+00   -0.00000e+00    0.00000e+00    0.00000e+00    0.00000e+00    0.00000e+00   -0.00000e+00   -0.00000e+00    0.00000e+00    0.00000e+00   -0.00000e+00   -0.00000e+00    0.00000e+00   -0.00000e+00    0.00000e+00   -0.00000e+00   -0.00000e+00    0.00000e+00    0.00000e+00   -0.00000e+00    0.00000e+00    0.00000e+00   -1.78814e-07    3.57628e-07   -1.01328e-06    7.15256e-07   -1.13249e-06    4.82798e-06   -1.37091e-06    9.35793e-06    1.37091e-05    3.20077e-05   -3.91603e-05   -5.82337e-05   -1.58548e-05   -1.89543e-04   -3.21865e-06   -8.63075e-04    9.78470e-04    2.93159e-03    4.58527e-03    2.43950e-03   -1.49369e-04    1.00000e+00    0.00000e+00    0.00000e+00    0.00000e+00    0.00000e+00
   -0.00000e+00   -0.00000e+00   -0.00000e+00    0.00000e+00   -0.00000e+00   -0.00000e+00    0.00000e+00   -0.00000e+00    0.00000e+00   -0.00000e+00   -0.00000e+00   -0.00000e+00   -0.00000e+00   -0.00000e+00    0.00000e+00   -0.00000e+00    0.00000e+00    0.00000e+00   -0.00000e+00    0.00000e+00   -0.00000e+00   -0.00000e+00    0.00000e+00    0.00000e+00   -0.00000e+00   -0.00000e+00    0.00000e+00    0.00000e+00    0.00000e+00    0.00000e+00   -0.00000e+00    0.00000e+00   -0.00000e+00   -0.00000e+00   -0.00000e+00    0.00000e+00   -0.00000e+00    0.00000e+00    5.96046e-08    0.00000e+00    0.00000e+00   -2.38419e-07   -2.38419e-07   -8.34465e-07   -1.90735e-06   -4.82798e-06   -6.49691e-06    1.60933e-05    1.65701e-05    4.70877e-05   -5.56707e-05    1.14441e-05    7.07507e-05    4.30822e-04    3.52621e-04   -4.02069e-03   -3.15905e-04   -6.19888e-03   -1.19171e-02    4.15955e-02    1.00000e+00    0.00000e+00    0.00000e+00    0.00000e+00
    0.00000e+00    0.00000e+00   -0.00000e+00    0.00000e+00   -0.00000e+00    0.00000e+00   -0.00000e+00   -0.00000e+00    0.00000e+00   -0.00000e+00   -0.00000e+00   -0.00000e+00   -0.00000e+00   -0.00000e+00    0.00000e+00   -0.00000e+00   -0.00000e+00   -0.00000e+00   -0.00000e+00    0.00000e+00   -0.00000e+00   -0.00000e+00    0.00000e+00   -0.00000e+00    0.00000e+00    0.00000e+00    0.00000e+00    0.00000e+00   -0.00000e+00    0.00000e+00    0.00000e+00   -0.00000e+00   -0.00000e+00    0.00000e+00   -0.00000e+00    0.00000e+00   -0.00000e+00    0.00000e+00   -0.00000e+00    0.00000e+00   -1.19209e-07    4.76837e-07   -2.98023e-07    3.57628e-07    1.37091e-06    2.44379e-06    3.69549e-06    1.41263e-05   -9.65595e-06   -1.24574e-05    1.20997e-05    6.43730e-05    2.08974e-04    9.68933e-04   -3.74317e-04    9.38177e-05   -1.12534e-03    1.14250e-03    9.33075e-03    1.70288e-02   -9.08661e-03    1.00000e+00    0.00000e+00    0.00000e+00
   -0.00000e+00    0.00000e+00   -0.00000e+00    0.00000e+00   -0.00000e+00   -0.00000e+00   -0.00000e+00   -0.00000e+00    0.00000e+00   -0.00000e+00   -0.00000e+00   -0.00000e+00   -0.00000e+00   -0.00000e+00    0.00000e+00   -0.00000e+00    0.00000e+00   -0.00000e+00   -0.00000e+00    0.00000e+00   -0.00000e+00   -0.00000e+00   -0.00000e+00    0.00000e+00    0.00000e+00   -0.00000e+00    0.00000e+00   -0.00000e+00    0.00000e+00    0.00000e+00   -0.00000e+00    0.00000e+00   -0.00000e+00   -0.00000e+00   -0.00000e+00    0.00000e+00   -0.00000e+00    0.00000e+00    0.00000e+00   -0.00000e+00    0.00000e+00    5.96046e-08    5.96046e-08   -1.78814e-07    5.96046e-08   -2.98023e-07    2.38419e-07   -1.66893e-06   -1.54972e-06   -4.05312e-06    3.09944e-06   -6.43730e-06    4.11868e-05    4.94719e-05    3.69072e-04    7.39574e-04    1.04237e-03   -2.75230e-03    3.33405e-03   -9.63688e-04   -2.08473e-03   -1.60828e-02    1.00000e+00    0.00000e+00
   -0.00000e+00    0.00000e+00   -0.00000e+00    0.00000e+00    0.00000e+00   -0.00000e+00   -0.00000e+00    0.00000e+00   -0.00000e+00   -0.00000e+00   -0.00000e+00   -0.00000e+00   -0.00000e+00   -0.00000e+00    0.00000e+00   -0.00000e+00   -0.00000e+00   -0.00000e+00   -0.00000e+00   -0.00000e+00   -0.00000e+00   -0.00000e+00    0.00000e+00   -0.00000e+00   -0.00000e+00    0.00000e+00   -0.00000e+00   -0.00000e+00    0.00000e+00    0.00000e+00   -0.00000e+00    0.00000e+00   -0.00000e+00    0.00000e+00    0.00000e+00   -0.00000e+00    0.00000e+00    0.00000e+00   -0.00000e+00    5.96046e-08   -5.96046e-08    1.78814e-07   -5.96046e-08   -4.76837e-07   -5.36442e-07   -7.74860e-07    0.00000e+00    4.35114e-06   -1.19209e-06   -2.68221e-06   -2.18749e-05   -6.55651e-07   -1.15633e-05    1.22011e-04    3.30448e-04    1.96815e-04   -1.00136e-03    1.15395e-03   -3.47519e-03   -3.06511e-03   -7.94983e-03    1.64700e-03   -4.59595e-02    1.00000e+00
